spy,ust,bkx,eur,jpy,vix,wti
113.63,3.7,44.66,1.44,92.5,19.35,81.74
113.71,3.79,45.23,1.44,91.58,19.16,83.12
114.19,3.8,47.09,1.44,92.36,19.06,82.6
114.57,3.78,47.0,1.43,93.39,18.13,82.74
114.73,3.81,47.03,1.44,92.66,17.55,82.54
113.66,3.69,46.23,1.45,92.09,18.25,80.79
114.62,3.74,46.94,1.45,91.08,17.85,79.66
114.93,3.71,47.71,1.45,91.43,17.63,79.35
113.64,3.64,46.68,1.45,91.27,17.91,77.96
111.7,3.63,47.58,1.43,91.2,22.27,77.42
109.21,3.56,46.32,1.41,91.19,27.31,75.84
109.77,3.56,46.4,1.41,90.39,25.41,74.25
109.31,3.6,45.38,1.41,89.81,24.55,74.9
109.83,3.58,46.7,1.42,90.42,23.14,74.67
108.57,3.58,46.84,1.41,89.63,23.73,73.64
107.39,3.6,46.54,1.4,89.95,24.62,73.62
109.06,3.55,47.2,1.4,89.78,22.59,72.85
110.38,3.58,47.31,1.39,90.27,21.48,74.41
109.83,3.57,46.2,1.39,90.76,21.6,77.21
106.44,3.63,44.21,1.4,90.43,26.08,76.96
106.66,3.53,44.8,1.39,90.84,26.11,73.13
105.89,3.49,44.14,1.37,89.41,26.51,71.15
107.22,3.5,44.58,1.37,89.22,26.0,71.87
107.01,3.55,45.04,1.37,89.22,25.4,73.71
108.13,3.61,45.07,1.38,89.77,23.96,74.48
108.04,3.62,44.69,1.38,89.93,22.73,75.23
109.74,3.59,46.0,1.37,89.81,22.25,74.11
111.14,3.64,46.66,1.38,90.24,20.02,77.27
111.16,3.69,47.55,1.36,91.05,19.94,78.97
109.81,3.67,46.43,1.35,91.98,21.37,79.77
110.82,3.69,47.49,1.36,91.54,20.27,80.04
110.67,3.57,47.03,1.36,91.24,20.1,78.61
110.74,3.58,47.45,1.35,90.16,19.5,79.75
111.89,3.51,47.24,1.35,90.28,19.26,77.99
112.2,3.48,47.55,1.35,89.27,19.06,79.72
112.3,3.48,47.36,1.36,88.92,18.83,78.71
112.64,3.48,47.43,1.36,89.15,18.72,79.62
114.25,3.49,48.61,1.36,88.74,17.42,80.91
114.27,3.47,48.69,1.37,88.57,17.79,80.21
114.46,3.54,49.0,1.36,89.16,17.92,81.5
114.97,3.56,50.06,1.36,90.22,18.57,81.85
115.45,3.55,50.92,1.36,90.29,18.06,81.5
115.46,3.58,50.46,1.36,89.99,17.58,82.07
115.49,3.57,50.56,1.36,90.47,18.0,82.1
116.41,3.56,51.41,1.37,90.65,17.69,81.26
117.1,3.54,52.27,1.38,90.54,16.91,79.79
117.04,3.5,51.63,1.37,90.32,16.62,81.75
115.97,3.5,51.13,1.38,90.29,16.97,82.93
116.59,3.52,51.71,1.37,90.4,16.87,82.16
117.41,3.54,52.12,1.36,90.48,16.35,80.58
116.84,3.52,52.34,1.35,90.52,17.55,81.26
116.65,3.55,52.43,1.36,90.34,18.4,81.68
116.58,3.7,52.3,1.35,90.37,17.77,80.29
117.32,3.77,52.17,1.33,92.01,17.59,80.25
117.4,3.72,51.75,1.33,92.51,17.13,79.75
117.0,3.73,52.0,1.34,92.51,17.59,81.92
117.8,3.72,52.44,1.35,92.49,17.47,82.14
118.76,3.68,53.44,1.34,92.82,17.02,83.45
119.04,3.73,54.74,1.35,93.52,16.23,84.53
119.55,3.81,55.31,1.35,94.33,16.14,86.54
119.74,3.72,55.97,1.34,93.79,15.58,85.64
119.83,3.74,55.35,1.33,93.31,16.2,85.17
121.19,3.74,57.23,1.34,93.42,15.59,84.6
121.29,3.71,56.71,1.35,93.16,15.89,84.07
119.36,3.68,54.75,1.36,93.18,18.36,83.8
119.81,3.72,55.29,1.36,93.18,17.34,85.62
120.88,3.7,56.77,1.37,93.32,15.73,85.25
120.66,3.63,57.27,1.36,93.04,16.32,82.97
121.02,3.67,57.73,1.35,92.15,16.47,81.52
121.81,3.66,57.95,1.35,92.46,16.62,82.98
121.35,3.62,56.15,1.34,93.17,17.47,82.78
118.48,3.64,54.42,1.34,93.05,22.81,82.89
119.38,3.68,55.16,1.33,93.4,21.08,84.34
120.86,3.67,56.5,1.34,93.95,18.44,84.2
118.81,3.55,55.72,1.34,93.9,22.05,82.43
120.35,3.64,56.67,1.32,93.14,20.19,83.22
117.52,3.59,54.99,1.32,93.96,23.84,85.17
116.82,3.53,54.99,1.33,94.01,24.91,86.07
112.94,3.55,52.5,1.33,93.83,32.8,86.19
111.26,3.47,51.7,1.32,94.69,40.95,82.73
116.16,3.43,54.91,1.3,94.71,28.84,80.0
115.83,3.3,55.08,1.28,93.78,28.32,77.18
117.45,3.32,55.89,1.26,90.83,25.52,75.1
115.99,3.41,55.03,1.28,91.58,26.68,76.89
113.89,3.4,53.28,1.28,93.18,31.24,76.37
113.95,3.4,53.22,1.26,92.49,30.84,75.65
112.4,3.39,51.24,1.26,93.17,33.55,74.38
111.76,3.28,51.06,1.25,92.78,35.32,71.61
107.54,3.31,48.46,1.24,92.46,45.79,70.08
109.11,3.21,50.39,1.24,92.55,40.1,69.38
107.71,3.19,48.73,1.22,91.9,38.32,69.91
107.82,3.08,49.23,1.24,91.54,34.61,68.28
107.17,3.03,49.13,1.25,89.37,35.02,68.03
110.76,3.06,51.09,1.26,89.99,29.68,68.23
109.37,3.01,49.94,1.23,90.19,32.07,64.78
107.53,3.04,48.65,1.23,90.33,35.54,71.52
110.33,3.17,50.23,1.22,89.97,30.17,74.56
110.71,3.15,49.84,1.23,90.88,29.46,74.0
106.62,3.19,47.58,1.22,91.1,33.7,72.88
106.05,3.25,47.18,1.22,92.19,33.73,74.62
109.15,3.06,48.92,1.22,92.62,30.57,71.43
109.68,3.05,48.93,1.2,91.88,28.79,71.55
109.51,3.06,48.55,1.19,91.52,28.58,71.88
112.0,3.1,49.87,1.2,91.41,25.87,74.38
111.96,3.23,49.88,1.2,91.36,25.92,75.48
112.14,3.16,49.67,1.21,91.31,25.05,73.89
111.73,3.21,50.05,1.21,91.62,23.95,74.99
111.41,3.23,49.98,1.22,91.62,24.88,76.84
109.57,3.17,49.23,1.23,91.47,27.05,77.67
109.23,3.12,48.89,1.23,91.4,26.91,76.82
107.42,3.13,47.8,1.24,90.84,29.74,77.18
107.87,3.14,49.19,1.24,90.7,28.53,77.84
107.53,3.05,49.01,1.23,91.0,29.0,77.15
104.21,3.0,46.84,1.23,90.54,34.13,75.9
103.22,3.01,46.12,1.23,89.91,34.54,75.96
102.76,2.99,45.69,1.23,89.63,32.86,78.45
102.2,2.88,44.97,1.24,89.15,30.12,78.26
102.87,2.82,45.51,1.23,89.31,29.65,75.93
106.11,2.79,48.07,1.22,88.65,26.84,75.59
107.16,2.79,48.24,1.22,88.43,25.71,72.95
107.96,2.83,49.39,1.25,87.6,24.98,72.06
109.65,2.84,50.15,1.26,87.48,24.89,74.05
109.68,2.89,49.91,1.26,87.68,25.14,75.46
106.66,2.91,47.06,1.27,88.41,26.25,76.08
107.29,2.92,47.04,1.26,88.57,25.97,74.93
108.48,3.0,46.96,1.26,88.64,23.93,77.16
107.07,2.92,45.85,1.27,88.79,25.64,77.02
109.46,2.85,47.64,1.27,88.27,24.63,76.67
110.41,2.81,47.93,1.29,87.34,23.47,75.96
111.56,2.82,49.18,1.29,86.56,22.73,76.53
111.55,2.82,49.39,1.29,86.76,23.19,77.32
110.83,2.74,48.74,1.29,87.24,24.25,76.27
110.29,2.8,48.75,1.28,86.86,24.13,79.01
110.27,2.86,48.64,1.29,87.12,23.5,78.68
112.76,2.87,50.17,1.29,87.52,22.01,78.93
112.22,2.93,49.52,1.3,87.0,22.63,77.46
112.97,2.88,49.4,1.3,87.82,22.21,77.06
112.85,2.88,49.12,1.3,87.45,22.1,78.3
112.39,2.79,48.43,1.31,86.68,21.74,78.85
112.99,2.83,48.74,1.3,86.44,22.14,81.25
112.38,2.78,48.34,1.32,86.6,22.37,82.52
109.3,2.82,46.25,1.32,85.78,25.39,82.49
108.63,2.79,46.05,1.32,85.78,25.73,82.0
108.31,2.71,45.95,1.32,86.3,26.24,80.67
108.26,2.71,45.9,1.32,85.83,26.1,81.46
109.59,2.64,46.07,1.33,85.34,24.33,80.24
109.79,2.57,46.19,1.32,85.9,24.59,78.09
107.88,2.58,45.0,1.32,85.36,26.44,75.68
107.53,2.53,44.82,1.28,85.17,25.49,75.39
107.12,2.42,44.55,1.28,86.07,25.66,75.17
105.53,2.47,43.59,1.28,86.14,27.46,75.76
105.94,2.48,43.41,1.28,85.31,26.7,75.39
105.23,2.42,43.1,1.29,85.6,27.37,74.45
106.86,2.47,44.19,1.29,85.44,24.45,73.45
105.31,2.44,42.98,1.28,85.34,27.21,72.71
105.31,2.34,43.45,1.27,85.56,26.05,71.24
108.46,2.38,45.25,1.26,85.14,23.89,72.07
109.47,2.34,45.78,1.26,84.18,23.19,73.36
110.89,2.51,46.63,1.27,84.68,21.31,75.17
109.64,2.4,45.15,1.27,84.35,23.8,74.69
110.41,2.33,45.91,1.28,85.5,23.25,71.93
110.92,2.45,46.64,1.27,84.53,22.81,73.97
111.48,2.49,46.56,1.27,84.14,21.99,74.99
112.72,2.58,47.98,1.28,84.41,21.21,74.52
113.05,2.52,47.08,1.29,84.12,21.72,74.65
112.49,2.63,46.84,1.27,83.73,22.01,74.25
114.21,2.67,47.9,1.27,83.95,21.5,76.4
113.98,2.59,47.22,1.27,83.93,22.35,77.17
113.42,2.53,46.35,1.27,84.31,22.51,76.78
112.5,2.59,45.49,1.29,83.68,23.87,75.92
114.82,2.61,46.94,1.3,83.05,21.71,74.58
114.27,2.59,46.06,1.3,85.7,22.54,73.63
114.67,2.55,46.26,1.31,85.85,22.6,74.81
114.47,2.44,46.07,1.3,85.69,23.25,72.96
114.13,2.4,46.2,1.31,85.7,23.7,72.98
114.61,2.4,46.72,1.33,85.11,22.5,73.4
113.75,2.47,46.46,1.34,84.48,23.53,74.63
116.04,2.38,47.92,1.33,84.51,21.76,76.51
116.03,2.32,47.74,1.35,84.32,21.49,76.15
115.89,2.36,47.45,1.34,84.28,21.56,77.85
116.54,2.37,47.37,1.36,83.89,20.71,79.95
116.65,2.38,47.34,1.36,83.77,18.96,81.57
117.01,2.37,48.07,1.36,83.57,18.93,81.43
117.92,2.38,47.59,1.38,83.33,19.07,82.83
117.46,2.28,46.34,1.37,83.5,19.88,83.21
117.7,2.28,45.24,1.38,83.19,19.03,81.34
118.28,2.29,46.59,1.39,82.97,19.09,82.66
117.87,2.31,45.8,1.4,81.82,19.79,81.67
118.13,2.33,45.84,1.39,82.09,19.27,83.03
118.35,2.38,45.99,1.39,81.78,18.78,82.71
118.7,2.45,45.51,1.4,81.8,19.85,81.23
118.72,2.37,45.53,1.41,81.47,20.22,83.06
118.38,2.36,45.7,1.4,81.38,20.71,79.57
118.4,2.37,45.54,1.39,81.2,20.88,81.93
118.49,2.44,45.49,1.37,81.54,21.2,80.03
118.53,2.46,45.22,1.4,81.06,21.83,81.15
119.47,2.45,45.12,1.39,81.3,21.57,82.0
119.95,2.53,45.99,1.39,81.31,19.56,82.6
122.26,2.61,47.65,1.39,80.82,18.52,81.9
122.72,2.56,48.68,1.39,81.34,18.26,82.2
122.49,2.51,48.39,1.38,81.68,18.29,81.45
121.61,2.53,47.44,1.38,81.68,19.08,82.94
122.1,2.5,48.33,1.4,80.41,18.47,83.91
121.64,2.54,48.02,1.39,80.56,18.64,84.45
120.2,2.4,47.06,1.4,80.67,20.61,86.49
120.03,2.45,47.38,1.41,81.05,20.2,86.85
118.16,2.47,46.43,1.42,80.78,22.58,87.07
118.22,2.59,45.78,1.41,81.14,21.76,87.04
119.96,2.52,46.12,1.39,81.09,18.75,87.77
120.19,2.63,45.3,1.38,82.2,18.37,84.89
118.45,2.78,44.52,1.36,82.41,20.63,84.88
120.2,2.7,45.04,1.37,82.47,19.56,82.33
118.8,2.75,44.61,1.36,83.16,22.22,80.43
119.16,2.75,45.08,1.35,83.38,21.53,81.88
118.49,2.74,44.76,1.36,83.1,23.54,81.65
121.01,2.65,45.85,1.37,83.54,21.36,81.24
122.56,2.62,47.63,1.37,83.49,19.39,80.79
122.89,2.77,48.03,1.36,83.29,18.01,83.21
123.28,2.66,49.22,1.33,83.63,17.74,85.73
123.76,2.64,50.32,1.32,84.16,17.25,84.12
124.48,2.81,50.92,1.31,84.25,17.61,86.75
124.56,2.85,50.7,1.3,83.68,17.55,87.98
124.67,2.89,49.93,1.31,84.12,17.61,89.18
124.1,2.8,49.39,1.32,83.75,17.94,89.33
124.82,3.01,49.48,1.34,82.78,17.39,88.69
124.3,3.11,50.08,1.33,82.67,16.11,88.3
124.6,3.09,50.34,1.32,83.48,16.41,88.35
125.39,3.19,51.28,1.33,84.1,16.49,87.81
125.78,3.14,52.26,1.32,83.82,15.45,88.62
125.6,3.34,51.77,1.32,83.97,16.47,88.33
125.65,3.39,52.26,1.34,83.44,17.67,88.66
125.83,3.34,52.5,1.34,83.79,17.52,87.71
125.92,3.22,52.36,1.32,84.27,17.28,88.02
125.72,3.22,52.21,1.32,84.05,17.52,88.68
125.75,3.21,52.21,1.32,84.01,17.75,89.3
127.05,3.22,53.4,1.31,83.77,17.61,89.83
126.98,3.27,53.23,1.31,83.79,17.38,90.84
127.14,3.35,52.88,1.31,82.92,17.14,91.48
126.98,3.22,52.71,1.32,82.72,17.54,91.13
127.43,3.26,53.05,1.31,82.36,16.89,89.85
128.58,3.18,53.86,1.32,81.62,16.24,91.38
128.37,3.21,53.47,1.33,81.48,16.39,91.59
129.3,3.22,54.7,1.34,81.12,15.46,89.39
129.52,3.36,54.07,1.34,81.67,15.87,90.3
128.25,3.29,52.78,1.33,82.04,17.31,88.37
128.08,3.2,52.73,1.32,83.19,17.99,88.07
128.37,3.17,53.58,1.3,83.3,18.47,89.24
129.1,3.22,53.06,1.29,83.03,17.65,91.11
129.17,3.25,52.98,1.3,82.71,17.59,91.85
129.67,3.19,52.75,1.3,83.34,16.64,91.39
129.99,3.2,53.29,1.31,83.07,16.15,91.53
130.74,3.21,54.37,1.33,82.67,17.63,90.85
130.49,3.31,53.98,1.34,82.61,17.3,88.56
130.78,3.28,54.11,1.35,82.15,16.69,88.22
131.15,3.27,54.14,1.35,82.92,15.93,86.74
131.97,3.19,54.9,1.36,82.59,16.28,85.08
132.57,3.29,55.31,1.36,82.54,15.81,86.15
132.27,3.27,54.76,1.37,82.26,15.87,84.45
132.32,3.21,54.56,1.37,82.16,16.09,88.15
133.11,3.27,55.56,1.37,82.89,15.69,90.99
133.43,3.33,55.63,1.36,82.09,15.95,89.54
133.01,3.36,55.45,1.37,82.07,16.37,89.78
133.85,3.44,55.54,1.38,81.39,16.72,89.42
134.25,3.53,55.14,1.38,81.49,16.59,87.87
134.53,3.52,55.2,1.36,81.65,16.43,86.3
131.83,3.6,53.27,1.36,82.22,20.8,85.85
131.02,3.51,53.1,1.36,82.29,22.13,85.59
130.93,3.58,52.82,1.36,82.3,21.32,85.44
132.33,3.52,53.56,1.37,82.42,19.22,84.39
133.15,3.49,53.41,1.36,83.34,18.35,83.66
130.93,3.48,52.19,1.35,83.44,21.01,83.13
131.21,3.5,52.03,1.35,83.41,20.7,83.8
133.47,3.49,53.04,1.35,83.72,18.6,85.05
132.47,3.49,52.27,1.36,83.61,19.06,85.03
132.39,3.37,53.31,1.37,83.07,20.22,96.04
129.94,3.33,52.05,1.37,82.76,21.88,95.83
130.84,3.29,52.55,1.38,82.44,20.08,96.52
130.05,3.27,52.12,1.38,82.05,21.13,97.1
128.56,3.27,51.66,1.37,81.62,24.32,99.63
126.18,3.33,50.82,1.38,81.87,29.4,102.27
127.85,3.45,51.55,1.38,81.9,26.37,101.92
127.76,3.37,52.09,1.39,81.83,24.44,104.34
129.74,3.4,52.01,1.4,82.37,20.61,105.37
129.29,3.45,51.71,1.4,82.34,20.21,105.06
129.66,3.38,51.4,1.4,82.29,19.17,104.39
130.9,3.29,51.56,1.39,82.8,18.0,102.73
131.3,3.32,51.82,1.39,82.83,17.91,101.14
130.98,3.27,51.63,1.38,82.92,19.44,101.2
131.86,3.23,51.79,1.39,81.28,18.16,97.23
132.77,3.12,52.13,1.4,81.82,17.71,97.99
132.59,3.17,51.92,1.4,81.06,17.74,101.47
133.15,3.21,52.43,1.39,79.13,17.4,101.06
133.26,3.24,52.39,1.4,79.5,17.5,102.36
133.24,3.24,52.37,1.42,81.01,17.25,104.53
133.66,3.27,53.17,1.42,81.21,16.9,105.21
133.32,3.33,52.89,1.42,81.04,17.11,105.04
132.86,3.37,52.42,1.41,80.87,17.87,104.89
132.46,3.36,52.37,1.42,81.01,16.59,103.54
131.47,3.4,52.33,1.4,81.45,17.09,104.34
131.46,3.37,51.77,1.41,81.76,16.92,103.8
131.56,3.38,51.21,1.41,82.41,16.27,106.19
132.04,3.39,51.13,1.41,83.15,15.32,107.55
130.56,3.39,50.47,1.42,83.36,16.96,108.14
131.31,3.43,50.5,1.42,84.22,15.83,107.82
133.1,3.5,50.26,1.42,84.13,15.07,108.38
133.78,3.54,50.47,1.42,85.16,14.69,109.82
133.64,3.55,50.48,1.43,85.32,15.77,112.27
134.79,3.54,50.91,1.43,84.96,15.62,109.5
135.67,3.47,51.4,1.45,85.04,15.35,105.75
136.11,3.43,51.65,1.44,84.63,14.62,106.6
136.43,3.44,51.53,1.45,83.6,14.75,107.73
136.22,3.36,51.33,1.44,83.78,15.99,109.17
134.83,3.33,51.31,1.44,83.15,17.08,107.18
133.61,3.37,50.63,1.42,82.33,18.2,110.84
134.2,3.36,50.73,1.43,82.58,18.4,111.72
134.44,3.27,50.52,1.46,81.87,16.95,111.72
135.08,3.33,50.4,1.46,81.84,16.03,112.31
134.04,3.3,49.51,1.47,81.51,17.07,112.38
133.19,3.28,49.57,1.48,82.2,18.24,113.39
133.17,3.26,50.39,1.48,81.53,17.55,113.03
134.36,3.25,50.55,1.48,81.23,16.23,110.6
134.68,3.22,50.6,1.48,81.18,15.52,108.79
133.61,3.16,49.69,1.48,80.97,17.43,99.89
132.06,3.17,48.97,1.48,80.64,18.27,96.87
131.95,3.14,48.92,1.45,80.42,17.82,100.32
132.39,3.2,48.88,1.44,80.73,17.07,103.39
133.0,3.16,49.05,1.44,80.24,16.09,97.88
133.51,3.2,49.72,1.44,81.01,15.98,98.53
134.9,3.15,50.1,1.42,81.01,15.45,99.21
131.87,3.11,48.04,1.42,81.04,18.3,96.91
131.73,3.08,48.12,1.41,80.82,18.09,96.4
130.42,3.13,47.69,1.42,80.78,17.95,99.52
129.04,3.12,46.72,1.43,81.42,18.49,97.99
128.96,3.1,46.64,1.43,81.66,18.07,99.15
128.42,3.07,46.37,1.43,81.71,18.79,97.06
129.4,3.06,46.92,1.41,81.74,17.77,99.13
127.6,3.07,46.73,1.4,81.96,18.86,100.78
127.7,3.02,47.18,1.41,82.05,19.61,100.18
129.32,3.02,47.45,1.41,82.02,18.26,100.58
127.05,2.91,47.45,1.43,80.88,21.85,100.3
127.7,3.0,47.22,1.44,81.45,19.99,100.41
129.45,2.95,47.73,1.43,80.89,18.86,100.28
128.67,2.96,47.29,1.45,80.97,18.52,99.07
128.3,2.96,46.79,1.47,80.22,19.29,99.18
126.81,2.94,46.32,1.46,80.12,21.1,100.77
127.94,2.96,46.96,1.47,80.17,20.56,101.95
129.61,2.94,47.06,1.46,79.89,19.17,99.3
130.72,2.95,48.18,1.45,80.29,17.27,97.2
131.97,3.06,48.32,1.43,80.34,16.52,99.37
133.92,2.93,49.22,1.44,80.18,15.87,94.83
133.81,2.88,48.65,1.45,80.54,16.06,94.95
133.97,2.9,48.32,1.42,80.88,16.34,93.02
135.36,2.94,49.12,1.42,80.58,15.95,93.23
134.4,2.96,48.34,1.43,80.08,15.95,93.7
131.97,2.99,46.97,1.43,80.23,18.39,94.96
131.4,2.92,46.86,1.44,80.22,19.87,90.7
131.84,2.86,47.0,1.43,80.38,19.91,90.89
130.93,2.93,46.42,1.43,80.44,20.8,90.65
131.69,3.02,46.29,1.42,80.46,19.53,92.9
130.61,3.12,45.63,1.43,80.85,20.95,94.85
132.73,3.15,46.25,1.44,81.08,19.21,95.3
132.65,3.2,46.92,1.45,80.71,19.09,94.81
133.83,3.11,47.57,1.46,80.73,19.35,96.67
133.33,3.14,47.4,1.44,81.07,20.23,98.7
130.6,3.0,46.29,1.43,80.94,22.98,96.2
130.22,2.91,46.2,1.44,81.23,23.74,95.16
129.33,2.89,46.01,1.42,80.65,25.25,97.41
128.78,2.91,45.92,1.4,80.29,23.66,98.04
125.49,2.97,44.44,1.4,79.32,24.79,95.75
126.17,2.92,44.71,1.42,78.92,23.38,97.24
120.26,2.92,42.34,1.42,79.18,31.66,95.94
120.08,2.88,41.42,1.41,79.11,32.0,97.49
112.26,2.94,36.99,1.41,79.05,48.0,98.11
117.48,2.98,39.58,1.42,79.13,35.06,98.96
112.29,2.94,36.33,1.43,78.75,42.99,99.53
117.33,2.98,38.56,1.44,78.58,39.0,98.97
118.12,2.92,37.72,1.44,78.38,36.36,99.61
120.62,2.93,39.3,1.44,78.3,31.87,97.4
119.59,2.91,38.45,1.45,77.91,32.85,97.48
119.67,2.72,38.74,1.44,77.93,31.58,95.68
114.51,2.67,36.56,1.43,77.73,42.67,94.98
112.64,2.6,35.49,1.44,77.21,43.05,93.78
112.73,2.62,35.1,1.43,77.46,42.44,91.87
116.44,2.45,36.51,1.42,77.33,36.27,86.75
118.08,2.57,37.73,1.44,77.11,35.9,86.89
116.28,2.35,37.65,1.41,79.29,39.76,81.27
117.97,2.17,38.12,1.43,78.25,35.59,79.32
121.36,2.15,39.85,1.42,77.58,32.28,83.05
121.68,2.31,39.47,1.44,77.05,32.89,85.48
122.22,2.22,39.95,1.41,76.76,31.62,85.19
120.94,2.27,38.74,1.42,76.86,31.82,87.88
117.85,2.2,37.0,1.43,76.82,33.92,86.65
116.99,2.16,36.38,1.44,76.84,37.0,87.58
120.29,2.07,38.52,1.44,76.75,33.38,82.38
119.04,2.05,37.49,1.44,76.55,34.32,82.33
115.92,2.09,36.23,1.43,76.64,38.52,84.42
116.67,2.14,36.9,1.44,76.79,38.59,85.35
117.74,2.27,37.34,1.44,76.83,36.91,84.99
119.37,2.22,37.98,1.44,76.66,34.6,85.15
121.43,2.18,38.85,1.44,77.05,31.97,85.37
121.52,2.26,38.69,1.44,77.43,30.98,87.27
120.31,2.18,37.59,1.45,76.68,32.73,88.9
120.17,2.21,37.46,1.45,76.93,32.86,88.81
116.63,2.13,35.4,1.44,76.7,37.32,88.93
112.86,2.0,34.45,1.44,76.73,41.35,86.45
117.54,2.03,36.83,1.41,76.9,37.71,89.34
115.14,1.98,35.56,1.4,77.62,41.08,89.05
116.05,1.92,36.74,1.41,77.3,38.84,87.24
113.15,1.93,35.34,1.39,77.51,42.96,88.19
109.93,1.99,33.65,1.36,77.46,45.45,90.21
112.34,2.02,35.17,1.37,77.18,40.82,88.91
114.42,2.08,35.54,1.37,76.93,37.81,89.4
116.49,2.07,37.16,1.37,76.68,36.27,87.96
115.71,1.96,35.56,1.39,76.73,36.2,85.7
119.58,1.94,37.45,1.37,76.91,33.02,86.92
119.7,1.87,37.69,1.36,76.6,32.86,85.77
120.75,1.72,38.93,1.37,76.46,31.26,80.29
120.51,1.83,37.79,1.36,76.54,30.7,79.58
122.57,1.89,38.0,1.35,76.31,28.24,79.97
120.23,1.99,36.51,1.35,76.54,33.39,84.18
122.58,2.01,38.74,1.35,76.34,31.56,80.94
121.13,1.97,37.6,1.36,76.81,34.44,81.87
121.66,1.9,38.31,1.35,76.54,34.78,78.93
123.97,1.78,38.91,1.36,76.76,31.32,77.34
125.49,1.8,40.05,1.34,77.19,29.26,75.4
123.05,1.92,38.78,1.32,76.59,32.22,79.41
124.3,2.0,39.58,1.33,76.76,29.86,82.32
128.63,2.09,41.97,1.33,76.78,25.46,82.7
125.5,2.16,40.09,1.34,76.77,29.96,85.54
122.0,2.22,38.13,1.36,76.66,34.77,85.3
123.99,2.17,39.38,1.36,76.67,32.74,83.96
126.25,2.24,40.1,1.38,77.18,30.5,86.8
125.48,2.14,39.5,1.37,76.88,30.16,86.38
126.26,2.15,39.88,1.39,77.22,29.85,88.34
127.88,2.15,40.84,1.37,76.83,27.48,86.11
123.16,2.17,38.43,1.37,76.78,36.16,86.07
124.32,2.21,38.73,1.38,76.8,32.81,87.19
126.66,2.23,39.54,1.38,76.86,30.04,91.12
125.46,2.13,38.57,1.38,76.21,31.13,92.98
126.08,2.21,38.76,1.39,76.13,31.22,90.2
124.08,2.4,38.01,1.39,76.11,33.51,93.96
122.11,2.33,37.3,1.39,76.18,34.51,93.32
121.98,2.16,37.52,1.42,75.93,32.0,93.19
119.66,2.0,36.4,1.41,75.74,32.91,92.19
119.19,2.02,35.94,1.39,78.31,31.97,92.51
116.56,2.08,34.72,1.37,78.31,33.98,94.07
116.34,2.05,34.9,1.37,78.14,34.47,94.26
119.71,2.03,35.85,1.38,78.05,32.13,95.52
120.05,2.09,35.63,1.38,78.13,30.64,96.8
124.99,1.99,38.2,1.38,78.08,27.8,95.74
124.97,2.03,37.88,1.38,77.71,27.41,97.78
126.22,2.03,39.63,1.36,77.65,27.84,98.14
126.26,2.05,39.27,1.38,77.16,28.13,99.37
126.73,2.0,39.65,1.36,77.08,28.67,102.59
123.95,1.94,38.09,1.35,77.06,30.59,98.82
126.05,2.0,39.13,1.34,77.06,26.38,97.67
124.21,1.95,38.17,1.35,76.96,25.67,96.73
123.05,1.92,37.58,1.35,76.84,25.41,97.76
121.74,1.87,37.39,1.35,76.9,26.04,96.16
120.29,1.94,36.69,1.33,77.17,24.92,98.21
123.93,1.98,38.2,1.33,77.67,23.22,99.79
124.17,2.07,38.59,1.33,78.08,21.43,100.36
125.27,2.1,39.68,1.33,77.96,21.16,100.2
126.39,2.03,39.94,1.34,77.58,20.73,100.97
126.49,2.03,39.59,1.35,77.75,21.91,100.94
124.83,2.07,38.88,1.34,78.08,23.52,101.25
126.12,2.0,39.7,1.34,77.81,22.65,100.45
125.5,1.98,39.38,1.34,77.75,23.4,98.35
127.5,2.06,40.67,1.34,77.67,22.97,99.4
127.7,2.02,40.81,1.33,77.68,22.22,97.77
128.04,1.95,41.71,1.34,77.61,21.48,100.24
127.71,1.91,41.59,1.32,77.94,20.63,94.92
128.02,1.92,42.08,1.3,77.96,21.07,93.84
129.13,1.86,42.86,1.3,78.11,20.69,93.55
129.2,1.81,43.38,1.3,77.84,21.05,93.86
129.51,1.93,43.61,1.3,77.81,20.47,97.16
128.84,1.97,43.44,1.3,78.01,20.91,98.54
129.34,1.96,42.83,1.31,77.84,22.2,99.42
130.77,2.02,43.31,1.3,78.07,20.89,99.72
131.61,1.92,43.6,1.31,78.03,18.67,99.44
131.46,1.89,43.47,1.31,77.87,18.91,99.68
132.56,1.87,43.53,1.29,77.95,18.31,98.83
131.37,1.98,42.4,1.29,76.93,19.4,103.22
131.32,2.0,42.57,1.31,76.72,19.44,101.81
132.47,1.96,43.3,1.29,76.71,18.55,101.56
132.68,1.97,43.62,1.28,77.15,17.98,101.31
134.54,1.98,45.05,1.27,76.91,17.1,102.24
134.45,1.91,44.7,1.28,76.86,17.76,100.89
134.79,1.91,44.7,1.28,76.85,17.65,99.03
135.19,1.86,45.23,1.27,76.86,18.16,98.69
135.36,1.89,44.9,1.27,76.82,19.04,100.61
135.19,1.96,44.32,1.27,76.82,19.54,100.32
134.56,2.0,44.2,1.29,76.77,21.14,98.15
136.05,2.05,45.15,1.3,77.08,19.22,99.47
136.41,2.04,45.59,1.29,76.96,17.78,98.84
136.47,1.97,45.54,1.3,77.0,18.19,99.23
136.03,1.91,44.61,1.3,77.69,18.19,99.76
136.63,1.87,45.1,1.31,77.77,16.8,99.47
136.93,1.82,44.7,1.31,77.46,17.31,98.75
137.16,1.77,45.3,1.32,76.73,18.19,98.46
137.56,1.81,45.56,1.31,76.36,17.96,97.63
137.02,1.78,45.31,1.31,76.27,18.43,96.36
137.73,1.89,45.79,1.32,76.19,17.26,97.8
137.31,1.85,45.59,1.31,76.18,17.29,96.89
136.75,1.92,45.01,1.31,76.55,18.05,98.55
134.75,1.92,43.8,1.31,76.55,20.87,98.8
135.69,1.95,44.63,1.32,76.79,19.07,99.88
137.04,1.87,45.27,1.32,77.06,17.95,98.68
137.57,1.88,45.72,1.33,77.63,17.11,100.39
137.58,1.8,45.41,1.32,77.7,15.64,100.82
140.06,1.82,47.49,1.32,77.51,14.8,101.82
139.91,1.89,48.11,1.31,78.36,15.31,102.33
140.72,1.92,49.42,1.31,78.48,15.42,103.27
140.44,1.92,50.18,1.32,79.59,15.58,105.99
140.21,1.9,49.9,1.32,79.83,15.13,107.44
139.2,1.88,49.09,1.33,80.28,15.57,109.39
139.65,1.8,49.53,1.34,79.93,14.82,108.49
141.61,1.84,50.26,1.35,81.47,14.26,106.59
141.17,1.9,49.6,1.34,80.46,15.59,107.08
140.47,1.95,50.12,1.35,80.48,15.47,108.76
140.23,1.92,49.58,1.33,81.28,15.48,106.68
140.81,1.92,49.74,1.33,81.12,15.5,106.7
141.84,1.88,50.03,1.32,81.63,15.64,104.71
141.26,1.9,49.9,1.32,81.52,15.66,106.16
139.86,1.95,49.0,1.31,80.66,16.44,106.65
139.79,1.95,48.87,1.31,81.34,16.7,107.4
138.22,1.95,47.93,1.33,81.58,18.81,106.34
135.9,2.06,46.83,1.31,82.37,20.39,106.7
137.0,2.2,47.8,1.32,82.36,20.02,105.49
138.79,2.21,48.69,1.31,82.96,17.2,105.19
137.14,2.22,47.17,1.3,83.84,19.55,107.03
137.05,2.29,47.66,1.31,83.49,19.55,108.09
139.08,2.28,48.49,1.32,83.45,18.46,105.68
138.61,2.22,48.19,1.32,83.37,18.64,106.87
137.72,2.21,47.83,1.32,83.65,18.36,104.98
137.95,2.17,47.56,1.32,83.2,17.44,106.43
136.79,2.17,47.28,1.32,82.51,18.97,107.07
137.31,2.11,47.83,1.33,82.59,18.1,107.32
139.19,2.12,48.33,1.34,82.99,16.82,105.4
140.16,2.11,48.71,1.33,83.05,16.24,102.79
140.39,2.16,48.84,1.33,82.83,16.32,103.03
139.87,2.14,48.28,1.33,82.27,17.15,105.25
140.74,2.22,48.89,1.34,82.87,16.6,104.02
140.32,2.17,48.44,1.33,81.54,16.88,101.53
139.25,2.11,48.14,1.32,82.83,17.56,103.29
136.55,1.92,47.24,1.31,81.33,19.05,101.12
135.74,1.96,46.5,1.31,81.64,20.08,102.66
136.02,1.99,46.94,1.31,80.69,18.83,103.69
135.61,1.93,46.4,1.31,81.01,19.89,102.84
134.11,1.92,45.2,1.32,80.93,21.87,102.92
133.34,1.95,44.83,1.31,80.9,21.97,104.23
132.83,1.93,44.27,1.31,80.38,22.27,102.65
130.86,1.91,43.5,1.31,81.06,24.49,102.38
129.74,1.91,43.08,1.31,81.3,25.1,103.58
131.97,1.88,43.33,1.31,81.61,22.01,102.68
132.2,1.91,43.82,1.32,81.6,22.48,103.1
132.27,1.92,44.16,1.32,81.08,22.33,103.72
132.53,1.89,44.19,1.32,81.39,21.54,104.56
132.1,1.87,44.08,1.32,81.3,21.76,104.86
133.7,1.85,44.72,1.32,81.06,21.03,104.89
131.76,1.89,43.62,1.32,80.35,24.14,106.17
131.47,1.88,44.08,1.32,79.92,24.06,105.25
128.16,1.87,41.93,1.32,80.21,26.66,102.56
128.1,1.84,41.0,1.31,80.12,26.12,98.49
129.07,1.82,41.61,1.32,80.21,24.68,97.86
131.97,1.79,42.86,1.3,79.82,22.16,97.13
132.05,1.78,42.9,1.31,79.92,21.72,96.8
133.1,1.79,43.61,1.3,79.86,21.23,97.1
131.41,1.74,42.61,1.29,79.71,23.56,96.03
132.92,1.68,43.49,1.29,79.87,22.09,94.75
132.07,1.67,43.42,1.29,80.03,24.27,93.97
133.47,1.66,44.05,1.28,79.85,21.68,92.78
134.14,1.6,44.72,1.27,80.32,21.11,92.53
134.4,1.63,44.52,1.27,80.35,18.32,91.51
135.7,1.66,45.41,1.27,79.41,18.38,92.57
135.48,1.7,45.55,1.28,79.17,17.24,91.44
132.44,1.64,44.49,1.28,79.41,20.08,89.4
133.46,1.67,45.09,1.27,80.0,18.11,90.36
131.32,1.66,43.89,1.26,79.42,20.38,90.64
132.79,1.56,44.59,1.25,79.56,19.71,87.79
136.1,1.52,45.79,1.25,79.5,17.08,86.52
136.51,1.4,46.08,1.24,78.98,16.8,83.17
137.41,1.45,46.24,1.24,78.53,16.66,83.95
136.79,1.49,45.53,1.24,78.1,17.5,84.31
135.49,1.57,45.19,1.25,78.36,17.1,85.05
135.32,1.57,44.95,1.25,78.73,17.98,84.78
134.14,1.56,44.55,1.26,79.27,18.72,84.08
134.16,1.51,45.09,1.26,79.69,17.95,82.58
133.51,1.57,44.46,1.26,79.56,18.33,83.35
135.75,1.51,45.91,1.25,79.31,16.74,82.56
135.43,1.53,45.85,1.25,79.53,17.11,83.83
136.36,1.51,46.33,1.26,79.37,16.48,84.03
137.37,1.49,45.99,1.26,79.42,16.16,83.26
137.73,1.55,45.75,1.27,79.05,15.45,83.99
136.47,1.56,44.87,1.26,79.0,16.27,81.06
135.09,1.54,44.45,1.27,79.03,18.62,77.91
133.93,1.6,44.46,1.27,79.42,20.47,79.33
133.96,1.53,44.66,1.26,80.02,19.34,78.76
136.17,1.56,45.4,1.25,80.56,17.53,79.34
138.68,1.56,46.1,1.25,79.65,16.7,80.27
138.68,1.51,45.72,1.25,79.46,18.03,77.72
137.71,1.58,45.52,1.25,79.68,18.93,85.04
137.59,1.51,45.29,1.24,79.31,18.96,83.72
136.64,1.56,44.69,1.27,79.84,17.57,87.74
140.32,1.49,46.48,1.25,79.94,15.99,84.37
140.49,1.44,46.53,1.24,79.86,15.32,85.93
140.61,1.44,46.58,1.23,79.48,15.28,83.92
140.84,1.44,46.61,1.23,79.56,14.74,85.88
140.77,1.4,46.55,1.23,79.35,13.7,86.02
140.79,1.42,46.54,1.22,79.61,14.85,87.15
140.95,1.4,46.73,1.22,79.31,14.63,88.41
141.99,1.43,46.98,1.22,79.17,14.29,89.07
142.18,1.43,47.24,1.23,78.82,13.45,89.88
142.19,1.45,47.38,1.23,79.1,14.02,92.78
141.76,1.4,47.47,1.23,78.8,15.02,91.56
141.82,1.37,47.4,1.23,78.74,15.11,87.77
140.66,1.34,46.89,1.21,78.45,15.96,88.28
141.51,1.33,47.17,1.21,78.31,15.18,88.8
141.54,1.34,47.17,1.21,78.11,16.35,89.4
141.4,1.47,47.1,1.21,78.1,16.49,90.13
141.51,1.42,47.36,1.23,78.32,17.06,89.8
140.49,1.4,47.03,1.23,78.5,17.83,88.08
141.16,1.46,47.19,1.23,78.1,17.47,88.99
141.03,1.42,47.24,1.23,78.12,17.98,87.22
140.91,1.51,47.13,1.22,78.38,17.74,91.4
143.77,1.49,48.51,1.22,78.22,15.6,92.3
144.33,1.55,49.27,1.24,78.61,14.38,93.68
143.51,1.57,48.89,1.24,78.2,16.28,93.39
143.91,1.58,49.29,1.24,78.61,16.41,93.39
144.39,1.55,49.63,1.24,78.4,15.8,92.94
146.59,1.54,51.02,1.23,78.61,14.05,92.76
147.24,1.62,51.64,1.23,78.25,14.51,93.4
146.74,1.71,50.77,1.23,78.33,14.59,94.35
146.62,1.74,50.54,1.23,78.82,14.18,95.66
146.7,1.72,50.79,1.23,78.99,13.88,96.0
146.71,1.71,50.45,1.24,79.25,14.07,96.03
145.87,1.69,50.22,1.23,79.51,13.98,96.55
145.65,1.6,50.42,1.24,79.33,14.15,96.89
144.1,1.57,49.58,1.25,79.24,15.43,95.87
143.29,1.58,49.2,1.25,78.54,16.81,95.78
144.64,1.54,49.76,1.26,78.6,14.84,95.54
143.97,1.54,49.58,1.25,78.73,15.73,96.3
144.35,1.54,49.71,1.25,78.75,16.32,95.5
144.5,1.53,49.87,1.26,78.57,15.71,94.61
145.09,1.48,50.45,1.25,78.72,15.43,96.47
145.64,1.49,51.17,1.26,78.34,15.11,95.37
144.2,1.57,50.85,1.25,78.47,16.37,95.58
143.28,1.56,50.91,1.26,78.42,16.29,96.41
143.36,1.58,51.27,1.26,78.89,15.59,96.52
142.89,1.6,50.01,1.28,78.22,16.14,97.03
144.08,1.67,50.5,1.28,78.23,15.27,97.02
145.54,1.65,50.27,1.29,77.75,15.22,98.3
146.2,1.77,51.05,1.29,77.83,15.07,98.94
145.82,1.74,50.79,1.3,77.65,15.03,96.51
143.39,1.72,50.44,1.31,78.33,17.06,95.25
143.41,1.68,50.42,1.31,78.67,16.62,91.97
141.42,1.69,49.55,1.3,78.77,18.83,92.14
141.02,1.66,49.41,1.31,78.4,18.33,92.64
141.43,1.63,49.7,1.3,78.2,18.12,91.68
141.35,1.59,49.25,1.3,78.08,17.81,91.07
141.35,1.53,49.6,1.29,77.86,18.6,89.92
142.83,1.57,50.45,1.29,77.73,16.69,91.89
141.56,1.55,50.09,1.29,77.7,17.59,92.18
141.85,1.55,49.95,1.29,77.61,18.42,92.44
142.96,1.55,50.7,1.28,77.96,17.58,91.88
139.72,1.55,48.39,1.29,78.04,19.08,88.19
138.04,1.6,48.09,1.29,78.21,18.49,91.69
138.16,1.64,48.13,1.29,78.42,18.61,89.87
137.79,1.64,47.66,1.3,78.7,16.65,92.42
135.93,1.62,46.68,1.3,78.29,17.92,91.24
135.7,1.6,46.85,1.29,78.22,17.99,92.19
136.37,1.58,47.15,1.29,78.07,16.41,91.83
139.13,1.59,48.2,1.29,78.4,15.24,91.84
139.19,1.66,48.55,1.29,78.47,15.08,92.07
139.45,1.72,48.42,1.3,78.79,15.31,92.04
141.35,1.76,49.17,1.31,78.82,15.14,92.0
141.05,1.69,48.96,1.31,79.06,15.5,90.0
140.33,1.73,48.34,1.31,79.31,15.92,88.3
141.46,1.68,48.5,1.3,79.26,15.51,86.65
142.12,1.69,48.66,1.31,79.99,15.06,85.39
142.15,1.75,48.56,1.3,79.82,15.87,85.59
141.45,1.66,48.16,1.3,79.84,16.64,85.84
142.41,1.66,49.33,1.3,79.68,15.9,87.05
142.47,1.66,49.3,1.3,79.86,16.05,84.9
143.44,1.61,49.51,1.29,80.22,15.57,85.64
143.51,1.68,49.71,1.28,80.5,15.95,88.62
142.63,1.58,49.42,1.28,80.16,16.56,84.5
142.1,1.52,49.26,1.28,80.29,17.0,85.07
143.77,1.52,50.62,1.28,79.97,16.34,86.08
144.29,1.48,51.22,1.27,79.46,17.36,85.38
145.12,1.49,51.9,1.27,79.6,17.67,86.32
142.79,1.5,51.28,1.27,79.46,17.84,85.45
142.35,1.52,51.07,1.27,80.2,17.84,86.62
141.75,1.52,51.15,1.28,81.12,19.48,89.05
141.56,1.58,50.95,1.28,81.53,19.47,86.46
140.03,1.59,50.59,1.28,81.35,22.72,87.08
145.73,1.56,52.84,1.29,82.36,14.56,87.28
146.37,1.54,53.73,1.3,82.55,13.83,86.81
145.97,1.53,53.55,1.3,81.87,13.79,86.1
145.55,1.53,53.26,1.29,82.08,13.62,87.64
145.92,1.54,52.89,1.3,82.15,13.81,88.54
147.08,1.53,53.6,1.3,82.15,13.49,88.69
147.07,1.52,53.18,1.3,82.46,13.36,88.04
147.07,1.49,53.31,1.31,81.82,13.55,85.47
147.05,1.55,53.54,1.31,82.44,13.42,85.45
148.0,1.54,53.62,1.3,82.43,13.57,85.14
148.33,1.58,53.48,1.29,82.56,12.46,85.36
149.13,1.65,53.9,1.29,82.35,12.43,86.35
149.37,1.68,53.73,1.3,82.52,12.46,85.39
149.41,1.68,53.95,1.31,83.21,12.69,86.32
150.25,1.73,54.12,1.31,83.67,12.89,86.71
150.07,1.78,53.89,1.32,84.16,13.57,87.46
150.66,1.77,53.92,1.32,83.9,13.31,89.09
150.07,1.75,53.94,1.32,84.36,14.32,89.76
149.7,1.71,53.83,1.32,84.23,14.28,88.2
151.24,1.73,54.73,1.32,84.42,12.9,88.29
151.16,1.66,55.04,1.32,85.0,13.41,90.91
150.96,1.72,54.84,1.32,85.67,13.5,90.66
151.8,1.73,55.0,1.33,86.51,13.02,91.83
152.15,1.84,55.38,1.32,86.6,12.98,92.97
152.29,1.86,55.47,1.32,87.28,12.66,93.12
152.11,1.85,55.11,1.3,87.74,12.46,93.2
153.25,1.82,55.46,1.31,88.2,12.31,93.21
151.34,1.82,54.54,1.31,87.25,14.68,93.08
150.42,1.85,53.87,1.31,86.87,15.22,93.81
151.89,1.82,54.5,1.31,88.13,14.17,93.6
149.0,1.81,53.02,1.33,89.25,18.99,94.27
150.02,1.77,53.28,1.34,89.52,16.87,93.26
151.91,1.76,54.03,1.34,89.46,14.73,94.28
151.61,1.82,53.98,1.33,88.75,15.51,95.49
152.11,1.79,54.15,1.33,88.63,15.36,95.61
154.5,1.78,55.59,1.33,89.6,13.53,95.06
154.78,1.8,56.27,1.33,88.53,13.06,95.35
155.44,1.9,56.59,1.33,88.58,12.59,95.15
156.03,1.93,57.11,1.34,90.56,11.56,95.95
155.68,1.96,56.69,1.35,91.18,12.27,97.62
155.9,1.96,56.95,1.34,90.46,11.83,97.98
156.73,1.95,57.27,1.35,90.79,11.3,97.65
155.83,1.98,57.52,1.36,91.02,11.3,97.46
154.97,1.93,56.98,1.36,91.71,13.36,96.21
154.61,1.97,56.84,1.36,92.77,14.39,96.68
155.69,1.93,57.12,1.35,92.15,12.67,96.44
154.36,1.92,56.47,1.36,93.57,13.99,95.84
155.6,1.92,56.62,1.35,93.43,13.57,95.71
154.95,1.9,56.44,1.34,93.63,13.74,97.01
156.19,1.93,56.63,1.34,92.54,12.77,97.48
156.19,1.95,56.31,1.34,94.19,13.15,97.03
156.67,1.89,56.28,1.35,93.3,12.7,97.3
156.05,1.91,55.83,1.34,93.26,13.58,95.95
155.86,1.9,55.16,1.33,93.65,13.89,94.92
155.16,1.86,55.14,1.34,93.71,13.92,92.79
156.21,1.84,55.74,1.33,93.66,13.19,93.12
156.75,1.76,56.1,1.32,93.15,12.84,92.74
158.67,1.74,56.87,1.32,94.22,12.36,92.63
159.19,1.8,56.84,1.31,92.4,12.24,92.84
158.8,1.78,56.21,1.31,92.11,12.06,92.03
155.12,1.75,54.9,1.32,92.3,17.27,90.71
157.41,1.77,55.64,1.31,92.58,13.96,90.13
155.11,1.82,54.52,1.3,93.56,16.51,90.88
154.14,1.85,54.03,1.3,93.4,17.56,90.47
155.48,1.9,54.85,1.3,93.29,14.97,91.53
156.17,1.96,54.83,1.3,93.93,14.39,92.01
157.78,1.97,55.8,1.31,94.93,13.48,92.07
157.88,1.93,56.44,1.3,96.17,13.61,92.44
158.52,1.95,56.73,1.3,96.62,13.62,92.47
158.24,1.94,56.58,1.3,95.82,13.61,93.03
159.3,1.92,56.78,1.3,96.02,13.71,93.49
159.68,1.89,56.88,1.3,95.96,13.52,93.71
158.28,1.85,56.09,1.29,94.89,14.49,92.44
159.75,1.89,56.44,1.29,95.34,13.59,93.21
161.37,1.88,56.94,1.29,95.05,12.85,92.46
161.78,1.86,57.68,1.29,95.96,12.66,93.41
162.6,1.85,58.28,1.29,94.91,12.83,94.55
163.34,1.85,58.75,1.3,94.83,12.66,95.99
162.88,1.78,58.33,1.29,93.96,13.13,96.53
163.41,1.8,58.53,1.29,94.64,12.59,97.24
166.12,1.81,60.51,1.28,94.28,12.81,97.23
165.34,1.77,60.16,1.29,93.18,13.07,95.02
166.94,1.71,61.13,1.28,93.36,12.45,93.26
166.93,1.65,61.43,1.29,92.89,13.02,92.76
167.17,1.69,61.53,1.29,96.44,13.37,93.36
165.93,1.72,60.92,1.3,98.75,13.82,94.18
165.45,1.77,60.68,1.3,99.28,14.07,94.59
165.31,1.75,60.88,1.31,98.95,13.99,93.44
166.3,1.69,61.68,1.31,99.67,14.48,91.23
165.22,1.66,61.8,1.31,99.62,14.83,88.75
165.83,1.69,62.64,1.31,98.41,14.53,88.73
163.45,1.67,61.6,1.31,96.8,16.3,86.65
164.35,1.67,61.59,1.32,97.61,16.28,87.83
163.56,1.68,61.0,1.3,98.03,16.27,88.04
161.27,1.67,59.95,1.31,98.2,17.5,88.81
162.73,1.69,60.64,1.31,99.8,16.63,89.21
164.8,1.67,61.58,1.31,99.16,15.14,91.07
164.8,1.69,61.93,1.3,99.68,15.44,93.27
163.1,1.65,60.91,1.3,99.42,17.07,92.63
161.75,1.65,60.27,1.3,99.34,18.59,94.09
164.21,1.65,61.14,1.3,97.84,16.41,93.22
163.18,1.6,60.16,1.31,97.86,17.15,90.74
164.44,1.61,60.62,1.32,97.27,16.8,93.7
165.74,1.73,61.11,1.32,97.13,16.61,95.25
163.45,1.76,60.56,1.31,97.95,16.64,95.8
159.4,1.78,59.98,1.31,99.1,20.49,95.28
159.07,1.77,60.15,1.31,99.34,18.9,96.24
157.06,1.77,59.19,1.31,98.78,20.11,96.09
158.57,1.86,60.48,1.32,98.88,18.47,95.81
160.14,1.87,61.05,1.3,100.76,17.21,94.76
161.08,1.91,61.8,1.3,101.92,16.86,93.96
160.42,1.9,61.41,1.3,101.67,16.86,93.95
161.36,1.84,61.96,1.29,102.21,16.37,94.85
161.21,1.91,62.3,1.29,102.26,16.44,95.72
161.28,1.92,62.31,1.29,102.14,16.2,96.29
163.02,1.9,63.94,1.28,102.7,14.89,95.55
163.95,1.99,64.29,1.29,102.17,14.78,93.98
165.13,1.97,64.57,1.29,102.44,14.35,94.12
165.19,1.97,63.93,1.28,103.18,14.21,93.84
168.15,2.08,64.85,1.29,101.11,13.79,93.13
167.52,2.09,64.33,1.28,102.45,14.42,93.57
167.95,2.12,64.74,1.29,100.92,13.78,91.93
168.87,2.08,65.86,1.3,101.1,13.77,93.41
169.17,2.1,66.05,1.3,100.48,12.54,93.36
169.5,2.05,66.7,1.31,99.74,12.29,93.66
169.14,2.03,66.71,1.31,100.25,12.66,94.71
168.52,2.13,66.38,1.31,98.95,13.18,96.11
168.93,2.17,66.2,1.32,97.33,12.97,95.82
169.11,2.15,65.98,1.32,98.24,12.72,95.5
168.59,2.2,65.39,1.32,98.85,13.39,95.98
168.59,2.14,65.44,1.32,96.1,13.39,96.66
168.71,2.09,65.77,1.33,95.93,13.45,97.83
170.66,2.14,67.04,1.34,95.49,12.94,97.86
170.95,2.15,66.95,1.33,94.24,11.98,98.46
170.7,2.28,66.71,1.34,94.68,11.84,98.24
169.73,2.36,66.02,1.34,95.52,12.72,94.89
169.18,2.47,65.4,1.33,96.59,12.98,93.81
169.8,2.51,65.6,1.32,97.14,12.73,95.07
169.31,2.54,65.33,1.31,98.42,13.41,95.25
169.11,2.49,65.16,1.31,97.53,12.81,95.47
169.61,2.43,65.36,1.31,98.15,12.31,97.0
168.74,2.48,65.36,1.3,97.77,13.04,96.36
166.38,2.46,64.55,1.3,98.48,14.73,97.94
165.83,2.45,64.71,1.3,99.38,14.37,99.65
164.77,2.47,63.84,1.31,99.66,15.1,101.92
166.06,2.6,65.03,1.29,100.22,14.76,103.03
166.62,2.61,64.91,1.28,101.39,13.98,103.46
166.0,2.66,64.38,1.29,100.85,14.99,106.41
163.33,2.56,62.37,1.28,101.15,16.77,104.77
163.91,2.57,62.45,1.32,98.55,16.49,105.85
164.17,2.53,62.59,1.31,99.04,16.81,106.2
163.65,2.52,62.21,1.31,99.2,17.01,105.88
164.39,2.49,62.5,1.31,99.95,16.61,106.39
165.75,2.53,62.94,1.32,99.16,15.88,107.94
165.96,2.47,63.4,1.31,99.66,15.77,108.0
166.04,2.46,63.16,1.31,100.52,15.85,106.61
167.63,2.51,63.48,1.32,100.39,15.63,107.13
168.87,2.58,64.16,1.32,99.32,14.53,105.41
169.4,2.59,63.97,1.32,99.5,13.82,105.47
168.95,2.55,63.57,1.32,100.45,14.29,104.76
169.33,2.58,63.68,1.33,99.28,14.16,104.61
170.31,2.59,64.19,1.33,97.96,14.38,103.14
171.07,2.56,64.58,1.33,98.04,14.53,105.1
173.05,2.7,64.68,1.33,98.02,13.59,107.93
172.76,2.59,63.79,1.33,97.83,13.16,106.94
170.72,2.62,63.59,1.32,99.42,13.12,106.61
169.93,2.63,62.55,1.33,98.93,14.31,105.32
169.53,2.56,62.29,1.33,98.23,14.08,104.41
169.04,2.53,62.74,1.33,97.31,14.01,103.45
169.69,2.52,62.53,1.33,96.57,14.06,106.04
168.91,2.55,62.42,1.34,96.74,15.46,106.19
168.01,2.65,62.25,1.33,96.04,16.6,106.78
169.34,2.66,62.27,1.33,97.2,15.54,106.89
169.18,2.72,62.5,1.33,98.15,16.6,107.43
167.62,2.79,62.22,1.33,97.85,17.67,107.58
168.89,2.82,62.98,1.34,97.06,16.74,107.14
167.43,2.78,61.88,1.33,97.67,19.41,104.9
165.48,2.83,61.2,1.33,97.58,20.34,103.93
165.6,2.87,61.47,1.34,97.31,19.6,104.93
169.17,2.79,63.3,1.33,97.81,16.48,106.48
170.26,2.75,63.58,1.34,98.88,15.72,105.88
170.94,2.67,63.93,1.34,98.71,16.07,109.11
169.7,2.75,63.37,1.34,98.26,18.66,110.17
172.07,2.73,63.52,1.34,96.89,14.71,108.51
173.22,2.75,65.28,1.33,97.73,13.48,107.98
175.41,2.88,65.15,1.32,99.57,13.33,107.29
174.57,2.96,64.68,1.32,99.55,13.42,108.5
175.15,2.92,64.66,1.32,99.73,13.2,110.62
175.95,2.88,64.58,1.31,100.12,13.09,109.62
176.23,2.94,64.98,1.32,99.98,13.31,107.48
177.17,2.91,64.8,1.33,99.72,13.41,107.65
176.29,2.91,64.93,1.33,100.29,13.65,108.72
175.79,2.89,64.22,1.33,99.83,13.75,108.31
176.21,2.86,64.34,1.33,99.58,13.28,106.54
176.83,2.85,64.28,1.34,99.01,12.93,105.36
176.27,2.68,64.26,1.33,99.07,13.27,108.23
177.17,2.75,64.46,1.34,99.13,12.67,106.26
174.93,2.74,63.74,1.35,98.21,13.91,104.7
177.29,2.7,65.93,1.35,99.39,12.9,103.62
177.32,2.65,65.82,1.35,99.28,12.53,103.22
176.96,2.61,65.13,1.35,98.74,12.82,102.68
178.38,2.66,65.71,1.35,98.75,12.52,103.1
179.27,2.62,66.11,1.35,98.43,12.37,102.86
180.05,2.62,66.29,1.35,98.9,12.19,102.36
179.42,2.64,66.24,1.35,97.83,13.1,102.09
179.03,2.61,66.33,1.35,98.4,13.39,104.15
178.47,2.59,66.29,1.35,97.93,13.4,103.29
179.91,2.63,67.29,1.36,97.3,12.66,103.83
180.81,2.62,67.79,1.36,97.26,12.26,103.07
180.63,2.61,68.04,1.36,97.29,12.79,103.54
181.12,2.66,68.05,1.36,96.9,12.98,103.08
181.0,2.62,67.78,1.35,97.48,13.7,102.17
179.75,2.61,66.88,1.36,98.31,14.55,101.15
179.73,2.59,67.13,1.36,98.65,14.7,102.34
178.94,2.56,66.47,1.35,98.54,15.08,100.72
180.94,2.56,66.86,1.35,98.94,13.79,100.87
181.4,2.59,67.6,1.37,97.99,13.49,99.28
180.75,2.5,67.41,1.37,97.93,13.91,97.63
178.72,2.47,66.48,1.37,98.19,15.42,96.9
178.13,2.5,66.78,1.38,98.13,15.54,96.65
178.11,2.49,66.62,1.38,97.42,15.76,97.4
179.22,2.5,67.11,1.38,97.39,16.03,98.74
178.65,2.49,66.58,1.38,97.57,16.21,98.29
181.7,2.51,67.99,1.38,97.62,13.8,96.81
181.49,2.53,68.04,1.37,98.19,14.15,96.29
181.56,2.61,68.35,1.37,98.51,13.79,94.56
182.53,2.58,68.96,1.36,98.32,13.04,94.58
182.93,2.64,69.1,1.35,98.69,12.48,93.4
183.86,2.62,69.13,1.35,98.63,12.33,94.74
183.85,2.58,69.08,1.35,98.46,12.46,94.25
183.82,2.71,68.97,1.35,98.65,13.56,94.56
182.92,2.72,68.95,1.33,99.2,14.23,93.12
182.89,2.67,69.47,1.34,99.14,13.76,93.91
182.36,2.61,69.71,1.34,99.62,13.55,93.76
183.48,2.63,69.94,1.35,99.22,12.92,93.8
183.52,2.58,69.9,1.34,100.24,12.87,93.03
183.64,2.63,71.02,1.35,100.35,12.89,93.35
184.14,2.72,70.77,1.35,99.86,12.14,93.34
181.69,2.72,69.66,1.36,100.18,13.28,95.35
183.67,2.68,70.21,1.34,100.21,12.28,94.53
184.66,2.66,71.19,1.35,101.32,12.28,93.86
184.42,2.64,70.55,1.36,101.29,12.53,93.41
183.64,2.67,70.31,1.35,101.35,12.44,92.05
182.79,2.76,69.79,1.36,102.29,13.77,93.61
178.89,2.73,68.44,1.36,102.47,18.14,95.83
178.01,2.78,67.94,1.35,102.93,17.42,96.97
179.07,2.82,68.54,1.36,102.35,15.8,97.14
177.35,2.82,67.65,1.36,102.4,17.35,97.48
179.23,2.79,68.36,1.37,101.74,17.29,97.1
178.18,2.74,67.33,1.37,103.13,18.41,98.32
174.17,2.79,65.5,1.37,103.27,21.44,97.25
175.39,2.82,66.18,1.38,102.8,19.11,97.21
175.17,2.81,66.11,1.38,102.51,19.95,96.27
177.48,2.82,67.26,1.38,103.54,17.23,97.18
179.68,2.78,67.77,1.37,103.27,15.29,96.99
180.01,2.82,67.84,1.38,103.03,15.26,97.59
181.98,2.88,68.48,1.38,102.62,14.51,98.4
182.07,2.82,68.36,1.37,104.21,14.3,99.11
183.01,2.87,68.52,1.37,104.28,14.14,98.62
184.02,2.92,68.83,1.37,104.03,13.57,98.87
184.1,2.95,67.62,1.37,104.52,14.79,99.94
183.89,2.92,67.86,1.37,104.88,14.68,98.9
184.91,2.97,68.71,1.38,105.32,14.23,98.17
185.82,2.94,68.73,1.38,105.32,14.04,93.66
186.29,2.93,69.02,1.37,104.83,14.0,93.12
184.98,2.92,68.28,1.36,104.91,16.0,93.31
187.58,2.96,69.63,1.36,104.21,14.1,91.9
187.75,2.93,70.14,1.36,104.71,13.89,91.36
188.18,2.83,70.68,1.36,104.84,14.21,92.39
188.26,2.81,71.34,1.36,104.83,14.11,91.45
188.16,2.84,71.37,1.37,103.95,14.2,92.15
187.23,2.86,70.6,1.37,103.12,14.8,93.78
187.28,2.82,70.52,1.37,104.18,14.47,93.54
185.18,2.79,69.92,1.36,104.57,16.22,93.96
187.66,2.83,70.77,1.35,104.22,14.52,96.35
186.66,2.75,71.32,1.36,104.22,15.12,97.23
187.75,2.71,72.91,1.35,104.64,14.52,96.66
186.2,2.73,72.7,1.37,103.37,15.0,95.82
185.43,2.72,72.63,1.37,102.05,15.09,97.49
186.31,2.65,72.66,1.37,102.66,14.02,97.34
184.97,2.7,72.01,1.37,103.23,14.93,98.25
184.58,2.65,71.07,1.37,102.3,14.62,97.55
185.49,2.56,71.44,1.36,102.76,14.41,96.44
187.01,2.58,72.29,1.35,102.19,13.88,97.24
188.25,2.63,72.66,1.35,101.14,13.1,97.4
188.88,2.66,72.67,1.35,101.69,13.09,97.84
188.63,2.63,72.69,1.35,101.47,13.37,99.98
186.4,2.63,71.69,1.36,102.04,13.96,100.12
184.34,2.7,70.57,1.36,102.52,15.57,99.96
185.1,2.75,70.59,1.36,102.13,14.89,100.38
187.09,2.7,70.95,1.36,102.52,13.82,100.27
183.16,2.73,68.86,1.36,102.47,15.89,100.31
184.2,2.67,69.12,1.37,102.06,15.61,103.46
186.13,2.71,69.29,1.38,102.33,14.18,103.2
186.39,2.68,69.01,1.37,102.31,13.36,102.53
187.04,2.7,68.97,1.37,102.31,13.25,103.17
187.89,2.65,69.51,1.37,102.51,13.19,102.2
187.45,2.62,69.86,1.37,102.48,13.27,102.93
187.83,2.61,69.37,1.37,102.15,13.32,102.68
186.29,2.61,68.55,1.37,102.3,14.06,102.88
186.88,2.55,67.72,1.37,102.11,13.97,105.34
187.75,2.65,68.26,1.38,101.3,13.71,103.64
188.31,2.64,68.43,1.37,101.41,13.41,101.75
188.33,2.69,68.19,1.37,102.18,13.25,101.82
188.06,2.74,68.55,1.37,102.37,12.91,102.82
188.42,2.74,68.14,1.39,103.03,13.29,101.39
186.78,2.72,67.13,1.39,103.19,13.8,100.29
187.88,2.68,67.94,1.39,103.24,13.4,98.29
187.68,2.61,68.04,1.39,102.84,13.43,98.57
187.96,2.6,67.97,1.39,102.78,12.92,99.23
189.79,2.64,68.98,1.39,101.78,12.23,98.43
189.96,2.63,68.74,1.39,101.33,12.13,100.08
189.06,2.72,67.67,1.39,101.86,12.17,100.71
187.4,2.73,66.96,1.39,101.44,13.17,99.68
188.05,2.69,66.81,1.38,102.47,12.44,99.97
188.74,2.68,67.5,1.38,102.41,12.42,100.05
187.55,2.7,67.07,1.38,102.24,12.96,99.66
189.13,2.66,67.65,1.38,102.21,11.91,100.61
189.59,2.65,67.93,1.38,102.29,12.03,101.25
190.35,2.69,68.12,1.38,101.9,11.36,101.73
191.52,2.68,68.71,1.37,102.15,11.51,101.57
191.38,2.73,68.64,1.38,102.89,11.68,99.69
192.37,2.8,68.66,1.38,103.21,11.57,99.6
192.68,2.78,68.91,1.38,103.63,11.4,100.29
192.9,2.71,69.28,1.38,103.87,11.58,101.16
192.8,2.68,69.52,1.37,103.9,11.87,100.43
193.19,2.66,69.55,1.37,103.32,12.08,102.57
194.45,2.67,70.26,1.37,103.07,11.68,103.55
195.38,2.61,70.82,1.38,101.96,10.73,103.37
195.58,2.59,71.85,1.39,102.11,11.15,103.68
195.6,2.61,71.77,1.39,101.38,10.99,104.05
194.92,2.6,71.12,1.38,101.44,11.6,103.7
193.54,2.61,70.67,1.38,101.9,12.56,103.71
194.13,2.7,70.71,1.38,101.88,12.18,104.33
196.26,2.7,71.39,1.38,102.56,10.61,101.69
196.48,2.68,71.14,1.38,102.67,10.62,101.47
195.94,2.69,71.58,1.38,102.62,10.85,102.2
195.88,2.65,71.76,1.38,102.48,10.98,100.85
194.7,2.67,71.15,1.38,102.3,12.13,101.13
195.58,2.69,71.35,1.38,102.11,11.59,101.56
195.44,2.64,71.13,1.39,102.52,11.63,100.07
195.82,2.6,71.3,1.38,102.56,11.26,99.69
195.72,2.58,71.31,1.39,102.22,11.57,100.09
197.03,2.6,71.75,1.39,102.27,11.15,99.74
197.23,2.58,71.65,1.39,102.2,10.82,99.81
198.2,2.59,72.38,1.39,102.14,10.32,101.06
197.51,2.58,71.91,1.39,101.69,11.33,100.52
196.24,2.59,71.09,1.39,101.87,11.98,100.32
197.12,2.63,71.36,1.38,101.59,11.65,100.89
196.34,2.58,70.83,1.38,101.9,12.59,102.01
196.61,2.51,70.97,1.38,102.18,12.08,102.63
197.6,2.47,71.22,1.37,102.23,11.82,101.74
197.23,2.49,72.18,1.37,101.82,11.96,102.31
197.96,2.51,71.53,1.37,101.5,11.0,102.95
195.71,2.49,70.0,1.37,101.54,14.54,102.8
197.71,2.5,70.76,1.37,101.5,12.06,104.31
197.34,2.53,70.51,1.37,101.26,12.81,104.03
198.2,2.5,70.63,1.37,101.42,12.24,105.01
197.72,2.4,71.6,1.37,101.89,12.69,103.37
197.8,2.41,71.1,1.36,101.98,12.56,104.26
196.95,2.44,70.78,1.36,101.73,13.28,103.4
196.98,2.5,71.4,1.36,101.72,13.33,103.07
193.09,2.56,70.14,1.36,101.88,16.95,103.34
192.5,2.57,69.16,1.36,102.42,17.03,103.27
193.89,2.55,69.38,1.36,102.54,15.12,103.17
192.01,2.56,68.77,1.36,102.68,16.87,103.32
192.07,2.58,68.9,1.37,102.42,16.37,105.09
191.03,2.6,68.3,1.36,102.48,16.66,105.02
193.24,2.61,68.83,1.36,102.48,15.77,105.04
193.8,2.54,68.66,1.35,102.31,14.23,107.2
193.53,2.56,68.71,1.35,102.0,14.13,107.49
194.84,2.57,69.13,1.36,101.7,12.9,107.52
195.76,2.62,69.35,1.35,101.97,12.42,106.95
195.72,2.58,69.01,1.36,101.87,13.15,106.64
197.36,2.62,69.84,1.35,102.17,12.32,107.08
198.39,2.61,69.88,1.36,101.89,12.21,107.95
198.92,2.6,70.12,1.36,101.93,11.78,106.83
199.5,2.56,71.2,1.36,102.07,11.76,106.64
199.19,2.54,71.09,1.36,101.87,11.47,107.04
200.2,2.49,71.7,1.36,101.91,11.7,106.49
200.33,2.51,71.91,1.36,101.8,11.63,106.46
200.25,2.49,71.52,1.36,101.64,11.78,106.07
200.14,2.56,71.14,1.36,101.44,12.05,106.06
200.71,2.62,71.49,1.37,101.29,12.09,105.18
200.61,2.64,71.9,1.37,101.54,12.25,104.76
201.11,2.55,71.81,1.36,102.11,12.09,104.06
200.59,2.54,71.82,1.36,101.8,12.66,102.93
199.32,2.53,71.09,1.36,101.46,13.5,103.61
200.07,2.51,71.83,1.36,101.54,12.88,101.48
200.3,2.52,72.19,1.36,101.28,12.8,101.73
199.13,2.54,72.65,1.36,101.37,13.31,100.56
198.98,2.53,72.59,1.36,101.52,14.12,101.88
200.48,2.45,72.58,1.36,101.66,12.73,103.84
200.75,2.48,73.05,1.35,101.63,12.65,103.83
201.82,2.46,73.96,1.35,101.23,12.03,105.34
200.7,2.45,73.69,1.35,101.34,12.11,104.59
199.15,2.45,73.15,1.35,101.4,13.69,103.81
198.01,2.49,72.5,1.35,101.47,14.93,102.76
199.56,2.45,72.76,1.35,101.52,13.27,105.23
196.34,2.46,71.61,1.35,101.76,15.64,105.68
197.9,2.45,72.07,1.34,101.75,14.85,104.91
197.54,2.53,71.74,1.34,101.81,15.98,104.29
197.02,2.55,71.56,1.34,102.08,16.31,98.23
194.35,2.49,70.72,1.34,102.84,16.71,97.86
194.38,2.47,70.76,1.34,102.77,16.16,98.26
196.52,2.46,71.78,1.34,102.56,14.55,97.34
196.29,2.46,71.52,1.34,102.54,15.46,96.93
193.26,2.4,70.22,1.34,102.59,17.2,97.34
196.64,2.41,71.47,1.34,102.11,15.11,97.61
192.74,2.4,69.72,1.34,102.13,18.76,98.09
190.54,2.43,68.94,1.34,102.15,21.24,97.36
187.41,2.39,68.42,1.34,102.21,24.64,97.57
187.7,2.36,68.66,1.34,102.28,22.79,95.54
186.43,2.31,66.37,1.34,102.41,25.27,97.3
186.27,2.36,66.52,1.34,102.5,25.2,96.44
188.47,2.37,66.81,1.34,102.41,21.99,94.35
190.3,2.39,67.2,1.34,102.61,18.57,96.4
194.07,2.39,68.62,1.33,102.91,16.08,93.97
192.69,2.37,68.11,1.33,103.7,17.87,93.61
194.93,2.35,68.78,1.33,103.85,16.53,95.39
196.43,2.36,69.4,1.32,104.2,16.11,95.78
196.16,2.33,69.48,1.32,104.07,16.04,95.82
198.41,2.31,70.5,1.32,104.09,14.39,96.44
198.11,2.32,71.02,1.32,103.88,15.15,97.86
201.77,2.38,72.25,1.31,104.34,14.73,95.5
201.07,2.42,72.19,1.31,105.24,14.89,94.51
202.34,2.43,72.75,1.32,104.87,14.17,93.32
203.15,2.46,73.22,1.29,105.58,13.67,92.64
203.34,2.48,73.12,1.3,105.18,13.12,92.73
203.98,2.52,73.4,1.29,106.16,12.67,91.71
204.18,2.52,73.22,1.29,106.12,12.92,92.89
203.96,2.6,73.18,1.29,106.83,13.02,92.18
204.19,2.58,72.87,1.29,107.11,13.79,92.86
204.24,2.58,72.71,1.3,107.33,13.31,94.91
204.37,2.6,72.63,1.29,107.14,13.99,94.33
205.55,2.61,72.72,1.3,107.15,13.86,93.07
205.22,2.57,72.52,1.28,108.52,13.96,92.43
205.58,2.56,72.61,1.29,108.8,13.58,91.46
206.68,2.53,72.69,1.28,108.94,12.9,91.55
207.26,2.55,73.35,1.29,108.75,12.62,93.6
207.11,2.51,73.12,1.29,108.54,12.25,93.59
207.64,2.53,73.23,1.28,109.32,12.07,95.55
207.2,2.48,72.68,1.28,108.61,13.33,94.53
205.76,2.5,71.61,1.27,109.41,14.16,91.17
207.09,2.4,72.5,1.27,109.39,12.85,90.74
207.89,2.43,73.1,1.26,109.66,12.5,91.02
207.66,2.44,73.2,1.26,109.02,12.38,89.76
208.0,2.41,74.6,1.27,108.52,11.89,90.33
206.61,2.34,74.55,1.25,109.8,14.21,88.89
206.47,2.34,74.54,1.26,108.87,15.35,87.29
203.16,2.33,72.98,1.27,108.07,18.53,85.76
204.19,2.3,73.14,1.27,108.13,20.08,85.87
199.51,2.19,71.13,1.26,107.34,20.42,81.72
197.91,2.13,70.51,1.27,107.06,23.57,81.82
201.79,2.14,72.08,1.26,107.31,19.44,82.33
206.78,2.2,73.93,1.28,105.98,16.81,82.8
206.52,2.18,73.88,1.28,106.4,16.49,82.76
207.47,2.21,74.15,1.27,107.14,15.25,83.25
207.75,2.23,74.95,1.28,106.91,14.8,80.52
207.77,2.28,74.83,1.27,107.02,14.37,82.81
208.44,2.28,74.85,1.26,107.15,14.5,81.27
208.72,2.25,75.24,1.27,108.16,15.06,81.26
207.6,2.28,75.12,1.27,108.2,15.92,81.36
205.54,2.31,74.26,1.27,107.84,19.2,82.25
205.43,2.31,74.05,1.27,108.11,17.79,81.06
201.72,2.34,71.87,1.26,108.85,19.92,80.53
199.82,2.34,69.96,1.26,109.21,21.12,78.77
202.31,2.32,70.56,1.25,112.84,19.31,77.15
205.9,2.33,71.8,1.25,113.65,17.01,78.71
204.25,2.36,70.18,1.26,113.48,17.55,77.87
202.65,2.29,69.45,1.25,114.65,19.6,78.71
202.08,2.36,68.97,1.24,115.18,20.56,77.43
199.02,2.35,66.4,1.24,114.75,22.39,77.16
201.63,2.33,67.35,1.25,115.72,20.95,74.13
202.06,2.3,66.84,1.24,115.57,19.89,75.91
203.08,2.31,67.23,1.25,115.82,18.85,75.64
206.1,2.3,69.65,1.25,116.9,16.4,74.55
204.97,2.35,68.66,1.24,116.65,16.66,74.55
205.45,2.32,69.24,1.25,116.87,15.52,75.63
202.74,2.3,68.35,1.25,118.15,17.22,76.52
200.14,2.28,66.68,1.25,118.24,20.44,75.74
201.99,2.25,67.7,1.24,117.74,18.76,74.04
199.45,2.22,66.74,1.24,118.45,20.97,73.7
204.06,2.19,69.13,1.25,117.84,18.33,68.98
206.12,2.25,70.06,1.24,118.86,16.85,66.99
205.55,2.28,71.33,1.25,118.31,17.29,67.3
204.63,2.23,70.87,1.24,119.19,18.55,66.73
206.81,2.29,71.35,1.23,119.86,17.23,65.89
206.93,2.23,71.08,1.24,119.81,16.96,63.13
208.92,2.18,72.49,1.23,121.56,15.34,63.74
209.78,2.15,72.54,1.23,120.65,14.69,60.99
210.11,2.16,72.9,1.24,119.34,15.8,60.01
210.13,2.08,71.88,1.25,117.71,15.45,57.81
209.98,2.08,71.76,1.24,119.01,15.29,55.96
211.24,2.04,72.43,1.25,118.17,14.3,55.97
211.21,2.11,72.1,1.24,117.74,14.56,56.43
211.81,2.18,72.82,1.25,116.61,13.69,54.18
211.63,2.13,72.85,1.23,118.8,13.84,56.91
211.38,2.12,72.63,1.23,118.94,13.91,55.25
210.66,2.23,72.29,1.22,119.5,13.34,56.78
211.99,2.26,73.02,1.22,120.15,13.04,55.7
210.46,2.19,72.81,1.22,120.37,14.04,53.46
207.5,2.17,73.04,1.22,120.42,15.2,54.14
208.36,2.13,73.32,1.22,120.63,15.06,53.45
207.1,2.01,74.0,1.21,119.87,15.42,50.05
205.83,1.94,73.45,1.19,120.43,16.0,47.98
208.58,1.93,73.93,1.19,119.43,15.61,48.69
207.96,2.0,74.09,1.19,118.67,15.66,48.8
210.46,1.96,73.89,1.18,119.29,13.97,48.35
209.5,1.89,73.0,1.18,119.79,14.07,46.06
210.41,1.88,73.91,1.19,118.21,13.02,45.92
210.0,1.82,73.37,1.18,118.33,13.41,48.49
208.82,1.74,72.7,1.18,117.79,13.62,46.37
205.76,1.8,71.5,1.18,117.39,15.44,48.49
208.25,1.84,72.44,1.16,117.71,14.51,47.85
206.43,1.87,72.16,1.15,118.65,15.29,45.93
205.7,1.79,71.95,1.16,117.86,15.11,45.26
206.44,1.8,72.5,1.13,118.75,14.67,44.8
207.83,1.81,72.25,1.11,117.36,14.74,45.84
207.28,1.71,72.42,1.12,118.52,14.78,44.08
207.98,1.74,72.56,1.14,117.78,13.98,44.12
208.9,1.66,72.86,1.13,117.59,13.09,47.79
210.04,1.66,72.78,1.13,118.25,12.58,49.25
209.09,1.77,73.27,1.13,117.18,13.94,53.04
209.49,1.8,73.04,1.13,117.57,13.67,48.45
210.43,1.81,73.6,1.15,117.65,12.84,50.48
210.37,1.93,73.7,1.13,117.29,12.6,51.66
207.95,1.95,72.69,1.15,117.54,13.89,52.99
209.85,2.0,72.97,1.13,118.97,13.3,50.06
209.6,1.99,72.75,1.13,118.56,13.25,48.8
210.63,1.97,73.48,1.13,119.36,12.71,51.17
211.16,2.01,73.29,1.13,120.17,12.48,52.66
211.44,2.05,73.28,1.13,118.49,12.41,52.13
210.57,2.09,73.96,1.14,119.21,13.39,51.12
208.46,2.11,73.69,1.14,118.69,14.55,49.95
210.72,2.04,73.96,1.14,118.99,12.7,49.56
211.32,1.97,74.98,1.14,119.08,12.85,48.48
208.9,1.94,74.61,1.13,118.9,14.31,50.25
208.04,2.0,74.31,1.13,118.89,15.15,47.65
208.87,1.98,74.2,1.14,118.82,15.13,49.84
211.62,2.06,75.09,1.12,119.38,12.86,49.59
210.61,2.1,75.18,1.12,119.83,13.85,50.43
209.98,2.11,75.23,1.12,120.2,13.86,51.53
210.02,2.09,75.63,1.12,119.64,13.76,50.76
212.21,2.23,75.92,1.11,119.65,12.74,49.61
212.44,2.18,75.13,1.1,120.04,12.38,49.95
213.1,2.12,75.94,1.08,120.74,12.73,48.42
213.03,2.08,76.91,1.08,121.41,12.85,48.06
212.88,2.07,76.32,1.07,121.04,12.88,47.12
213.5,2.1,76.25,1.05,121.41,12.11,44.88
212.99,2.05,76.14,1.06,121.32,12.13,43.93
210.7,2.01,75.6,1.05,121.34,14.06,43.39
212.7,1.9,76.35,1.06,121.37,13.27,44.63
212.46,1.95,76.23,1.06,121.28,13.31,44.02
211.14,1.92,75.51,1.08,120.06,13.84,46.0
211.57,1.89,75.23,1.07,120.76,13.97,47.4
211.36,1.86,75.9,1.08,120.03,14.24,47.03
211.92,1.89,76.9,1.09,119.75,13.66,48.75
210.13,1.98,76.25,1.09,119.79,14.71,51.41
209.77,1.91,77.59,1.1,119.52,14.21,48.83
208.48,1.92,77.3,1.09,119.18,15.29,48.66
208.45,1.91,77.98,1.09,119.25,14.47,47.72
210.95,1.84,79.01,1.08,120.01,13.22,50.12
211.63,1.9,78.92,1.07,120.02,12.85,49.13
210.25,1.87,79.03,1.1,118.82,14.81,53.95
210.59,1.89,78.41,1.09,119.48,14.5,50.44
212.78,1.94,78.84,1.08,120.29,13.19,50.79
210.81,1.94,78.17,1.08,120.09,13.96,51.63
211.89,1.91,79.14,1.07,120.55,12.74,51.95
212.04,1.88,79.67,1.06,120.21,12.11,53.3
210.5,1.89,79.02,1.06,120.06,13.26,56.25
209.86,1.88,78.54,1.06,119.46,14.01,56.69
209.82,1.86,78.79,1.07,119.14,14.02,55.71
205.42,1.87,76.82,1.08,119.04,18.85,56.37
205.85,1.89,77.19,1.08,118.82,18.23,55.58
207.5,1.96,78.06,1.07,119.2,16.09,56.17
207.31,1.93,77.36,1.07,119.63,16.79,56.59
206.72,1.9,77.05,1.07,119.95,17.01,55.98
208.02,1.92,76.44,1.08,119.57,16.09,55.56
204.53,1.98,74.93,1.09,118.93,19.66,57.05
204.9,2.05,75.76,1.09,119.13,19.97,58.55
207.48,2.04,76.77,1.1,118.82,16.83,59.62
209.77,2.11,77.65,1.11,118.97,13.9,59.1
210.68,2.14,78.04,1.12,119.45,13.37,58.92
210.61,2.18,78.96,1.12,120.14,13.23,60.38
212.3,2.23,79.73,1.11,120.1,12.11,60.93
212.48,2.17,79.2,1.12,119.92,11.95,58.99
212.59,2.15,79.52,1.13,119.4,12.25,59.41
211.75,2.26,79.51,1.12,119.71,12.22,59.23
211.37,2.25,80.41,1.12,119.78,12.12,60.72
210.18,2.25,79.75,1.11,120.13,12.64,60.5
208.0,2.22,78.41,1.12,119.83,13.74,59.89
206.79,2.12,77.58,1.14,119.16,15.6,59.73
209.33,2.21,77.92,1.14,119.19,13.44,59.44
210.77,2.25,78.56,1.14,119.33,12.5,57.3
210.82,2.24,78.86,1.13,119.9,12.13,58.96
210.5,2.17,78.32,1.11,120.65,12.12,60.18
209.79,2.19,78.18,1.11,121.21,12.56,58.88
208.35,2.13,78.47,1.1,121.6,13.77,57.51
207.95,2.12,78.22,1.09,122.99,13.39,57.69
210.57,2.11,79.53,1.09,123.74,12.23,60.25
208.67,2.17,78.31,1.1,123.82,13.71,60.24
208.92,2.26,77.07,1.1,124.19,13.61,61.3
208.66,2.36,77.48,1.09,124.85,13.49,59.67
209.42,2.29,78.24,1.12,124.04,12.83,58.0
210.59,2.38,78.3,1.13,124.3,13.02,59.11
209.98,2.37,78.38,1.12,124.38,13.79,58.15
208.32,2.4,77.54,1.11,125.63,15.25,60.15
203.97,2.48,75.32,1.13,124.56,19.14,61.36
197.83,2.38,72.99,1.13,124.34,28.03,60.74
189.5,2.37,69.02,1.13,122.87,40.74,59.96
187.27,2.34,67.83,1.12,123.58,36.02,59.53
194.46,2.31,70.86,1.12,123.29,30.32,60.01
199.27,2.31,72.88,1.13,123.42,26.1,59.89
199.28,2.34,72.76,1.12,123.44,26.05,60.41
197.67,2.25,72.56,1.14,123.53,28.43,59.62
191.77,2.36,69.45,1.14,123.0,31.4,60.01
195.41,2.41,70.62,1.14,122.75,26.09,61.05
195.55,2.37,71.25,1.13,123.38,25.61,60.01
192.59,2.39,70.0,1.12,123.86,27.8,59.59
197.43,2.48,71.94,1.12,123.85,24.9,59.41
194.79,2.31,71.04,1.12,123.6,26.23,58.34
195.85,2.34,71.5,1.1,122.61,24.37,59.48
196.74,2.42,71.41,1.12,122.67,23.2,56.94
196.01,2.39,71.48,1.11,122.39,24.25,56.93
199.73,2.25,71.2,1.1,122.41,21.14,52.33
195.45,2.2,69.48,1.1,122.61,22.28,51.61
196.46,2.29,70.33,1.1,122.49,20.14,52.76
193.91,2.41,69.42,1.11,120.86,22.44,52.74
193.6,2.42,69.49,1.11,121.7,22.13,52.19
192.9,2.4,69.1,1.11,122.5,23.47,53.05
192.85,2.34,70.48,1.1,123.57,23.62,51.4
188.01,2.34,68.62,1.1,123.32,27.63,50.9
188.12,2.31,68.84,1.09,123.87,26.83,50.88
191.63,2.34,69.82,1.09,124.15,24.5,50.11
192.13,2.32,69.84,1.08,124.14,22.55,50.59
195.0,2.29,69.4,1.08,124.29,20.94,49.27
198.47,2.25,70.91,1.09,123.86,19.54,48.11
197.79,2.23,70.68,1.09,124.07,19.4,47.98
199.41,2.18,71.23,1.1,123.88,18.4,47.17
201.21,2.21,71.52,1.1,123.76,17.42,47.97
201.33,2.23,70.85,1.11,123.24,17.08,48.77
201.52,2.21,70.93,1.11,123.58,16.17,48.53
200.25,2.12,70.45,1.1,123.94,17.67,47.11
199.29,2.08,69.31,1.09,124.07,18.03,45.25
202.35,2.15,71.18,1.1,124.04,16.05,45.75
203.27,2.2,71.03,1.1,123.94,15.05,45.13
203.37,2.19,70.73,1.09,124.27,14.98,44.69
203.11,2.12,71.45,1.09,124.73,15.75,43.87
201.85,2.12,70.47,1.09,124.73,16.7,44.94
205.26,2.05,71.68,1.1,124.3,14.45,43.11
207.51,2.04,73.23,1.1,124.61,14.46,43.22
207.0,2.09,72.75,1.1,125.07,15.29,42.27
206.6,2.11,72.32,1.12,124.25,15.43,42.45
208.95,2.06,74.86,1.12,124.36,14.33,41.93
208.83,2.13,73.98,1.11,124.35,14.61,42.58
207.93,2.07,72.58,1.11,124.44,15.07,40.75
210.39,2.07,73.72,1.1,124.37,14.15,41.0
211.0,2.02,73.89,1.11,123.9,14.54,40.45
210.36,1.95,73.79,1.12,123.42,15.51,38.22
210.15,2.05,74.51,1.14,121.73,15.05,39.15
210.04,2.12,76.55,1.16,118.88,14.33,38.5
208.56,2.13,75.98,1.13,120.06,15.29,45.29
207.74,2.13,75.7,1.12,121.0,16.06,49.2
204.84,2.14,74.4,1.12,121.29,18.37,45.38
202.54,2.17,73.69,1.12,121.09,20.08,46.3
205.62,2.16,74.58,1.13,119.71,18.16,46.75
205.47,2.11,74.45,1.12,120.58,18.84,46.02
209.31,2.18,75.91,1.12,119.4,15.47,44.13
209.07,2.21,75.61,1.12,120.09,15.62,45.85
209.35,2.16,75.63,1.12,120.28,15.93,44.75
209.32,2.11,75.64,1.13,120.62,15.19,44.07
209.56,2.21,75.9,1.13,120.8,15.12,44.58
208.69,2.24,75.75,1.13,120.36,16.13,47.12
210.68,2.2,76.55,1.13,120.43,14.67,46.93
208.53,2.13,75.7,1.13,120.52,15.91,44.71
205.61,2.19,74.61,1.14,120.05,18.11,46.67
209.62,2.14,76.77,1.13,120.0,14.81,46.17
208.35,2.15,75.76,1.12,120.5,15.84,44.53
206.95,2.12,74.36,1.11,120.08,17.6,44.94
205.34,2.17,73.41,1.12,120.2,19.61,45.55
205.87,2.09,73.81,1.12,120.24,19.34,44.4
201.88,2.04,72.01,1.12,120.37,24.39,45.24
202.9,2.06,72.05,1.12,119.84,22.73,45.06
205.03,2.05,74.3,1.13,119.86,20.95,44.75
208.03,1.99,75.57,1.12,119.86,17.86,45.54
204.86,2.06,74.09,1.12,119.81,18.94,46.28
200.02,2.05,71.96,1.12,120.0,20.7,48.53
201.67,2.08,72.6,1.12,120.46,18.7,47.86
203.5,2.12,73.06,1.13,120.24,16.6,49.46
206.02,2.11,74.15,1.12,119.92,15.57,49.67
205.21,2.05,73.78,1.14,120.18,16.91,46.7
207.4,1.99,74.53,1.14,120.01,16.08,46.63
205.93,2.03,73.71,1.14,119.72,17.29,46.38
203.87,2.03,73.08,1.15,118.83,18.21,47.3
201.02,2.02,71.31,1.14,119.05,20.7,45.91
201.36,2.06,71.27,1.14,119.27,19.34,45.84
198.82,2.03,70.03,1.13,119.5,20.59,45.22
194.05,2.04,67.72,1.14,119.78,24.99,44.9
191.92,2.08,66.4,1.13,119.84,27.01,43.91
192.11,2.05,66.53,1.11,120.86,24.3,43.19
193.66,2.02,67.09,1.1,121.3,22.47,43.21
188.83,2.06,64.79,1.11,120.95,25.22,45.93
191.93,2.12,65.52,1.1,120.48,23.95,46.02
187.81,2.08,63.64,1.09,120.86,27.02,46.6
188.06,2.12,63.24,1.1,121.0,26.05,46.12
185.65,2.17,62.11,1.1,120.5,27.59,47.88
186.69,2.2,61.26,1.1,120.79,26.69,46.32
190.52,2.21,62.26,1.1,121.1,22.34,45.27
187.64,2.26,60.1,1.09,121.49,24.15,44.32
190.2,2.22,61.41,1.09,121.67,22.5,43.87
188.13,2.19,61.77,1.07,123.2,23.11,44.23
193.72,2.18,63.86,1.07,123.08,20.2,41.74
193.65,2.14,63.25,1.08,122.76,19.98,40.69
190.16,2.12,61.2,1.08,122.56,21.98,41.68
191.3,2.11,61.32,1.07,122.36,21.65,40.73
191.6,2.15,62.17,1.07,123.27,21.84,40.75
187.95,2.13,61.38,1.06,123.44,23.38,40.55
185.42,2.14,59.45,1.07,123.53,26.0,39.39
185.43,2.11,59.59,1.07,122.91,26.54,39.27
185.27,2.08,58.98,1.06,122.92,26.29,40.89
182.86,2.04,56.51,1.06,122.92,28.14,41.22
192.88,1.99,61.61,1.06,122.63,22.31,40.43
192.09,1.94,60.62,1.06,122.83,21.64,40.58
192.0,1.97,60.85,1.06,123.21,20.53,39.93
194.78,2.12,62.15,1.06,122.92,19.38,41.08
192.32,2.05,60.35,1.06,123.23,20.98,40.0
193.2,1.94,59.84,1.09,122.65,20.72,37.64
195.54,1.97,60.66,1.09,123.19,19.11,37.46
195.09,1.96,61.67,1.08,123.28,19.81,37.16
193.56,2.0,60.25,1.09,122.91,20.55,36.76
198.11,1.9,63.01,1.1,121.7,17.7,35.65
199.0,1.97,64.17,1.09,121.71,17.09,36.31
199.78,2.03,64.95,1.1,120.89,16.7,37.32
200.43,2.03,65.49,1.1,121.09,16.86,35.55
200.59,2.01,65.25,1.09,121.68,17.35,34.98
198.4,2.0,63.6,1.09,122.46,18.67,34.72
199.38,1.96,63.35,1.08,122.45,18.34,34.55
199.54,2.03,63.56,1.09,121.3,18.05,36.12
202.76,2.07,65.38,1.09,121.21,16.5,36.76
202.5,2.05,65.13,1.1,121.03,16.92,37.62
204.63,2.09,64.7,1.1,120.23,14.44,37.88
204.38,2.1,65.85,1.1,120.35,14.02,36.59
204.67,2.11,66.02,1.09,120.53,13.79,37.13
203.12,2.05,64.8,1.09,120.31,14.74,35.97
203.24,1.97,64.65,1.08,119.47,15.24,33.97
205.12,1.96,64.16,1.08,119.1,13.82,33.29
206.02,1.93,64.65,1.08,118.61,13.56,33.2
205.52,1.96,64.23,1.09,117.54,13.95,31.42
206.92,1.91,64.7,1.09,117.08,13.1,30.42
206.25,1.86,64.55,1.09,117.65,14.12,30.42
204.19,1.85,63.3,1.08,117.83,15.42,31.22
206.42,1.79,63.87,1.09,117.43,14.09,29.45
204.02,1.75,62.81,1.09,117.38,16.26,26.68
205.92,1.74,63.92,1.09,117.57,14.85,29.55
208.0,1.76,66.38,1.09,117.13,13.84,32.07
208.01,1.72,67.05,1.09,117.92,13.72,30.31
207.78,1.7,66.7,1.08,118.57,13.62,29.54
209.24,1.7,67.18,1.09,118.23,13.35,32.32
209.9,1.65,68.4,1.09,118.38,13.24,33.21
210.1,1.61,69.61,1.09,118.47,13.28,33.66
208.97,1.62,69.36,1.09,118.93,13.95,31.62
208.97,1.53,70.16,1.08,121.34,13.22,29.9
208.61,1.55,69.74,1.09,120.84,14.08,32.29
208.92,1.58,70.45,1.09,119.86,13.96,31.63
209.35,1.56,70.55,1.11,118.12,13.77,30.86
207.45,1.43,69.67,1.12,116.87,15.22,29.71
206.33,1.44,69.09,1.11,116.95,15.7,27.96
207.97,1.4,69.7,1.12,115.67,14.68,27.54
206.16,1.35,68.29,1.13,115.19,15.6,26.19
205.01,1.44,66.92,1.13,113.25,16.05,29.32
208.45,1.45,67.79,1.11,114.08,13.63,30.77
206.5,1.45,67.39,1.11,114.28,14.69,29.59
206.56,1.44,67.07,1.11,113.25,14.41,31.37
204.76,1.42,66.0,1.11,112.49,15.04,31.84
206.78,1.42,66.58,1.1,112.97,14.68,30.35
204.85,1.39,66.48,1.1,111.88,15.57,31.4
204.91,1.43,69.04,1.1,112.1,15.95,31.65
204.2,1.41,68.47,1.1,113.12,16.33,32.74
205.49,1.5,68.8,1.09,113.66,15.2,34.39
205.21,1.48,68.63,1.09,112.43,15.82,34.57
207.87,1.55,69.72,1.09,113.93,14.42,34.56
209.28,1.59,71.04,1.09,113.47,13.9,35.91
209.34,1.59,70.39,1.09,113.67,13.43,37.9
210.24,1.54,71.03,1.1,113.8,13.12,36.67
209.84,1.6,70.87,1.1,113.45,14.19,37.62
210.27,1.61,71.13,1.1,112.66,14.2,37.77
210.91,1.65,71.4,1.1,113.25,13.63,38.51
210.28,1.63,69.79,1.12,112.86,13.47,37.2
211.35,1.63,70.69,1.12,113.78,13.65,36.32
211.68,1.63,70.16,1.11,113.83,14.05,38.43
212.37,1.62,70.22,1.11,113.11,14.08,40.17
212.08,1.58,69.31,1.12,112.75,14.64,39.47
210.07,1.61,68.22,1.13,111.35,17.03,39.91
208.45,1.64,67.5,1.13,111.44,20.97,41.45
208.04,1.58,65.9,1.12,112.14,20.5,38.28
207.75,1.61,66.03,1.12,112.25,20.14,38.14
207.85,1.58,66.44,1.12,113.45,18.37,36.91
208.44,1.63,66.71,1.12,113.36,18.48,36.91
208.1,1.57,66.56,1.13,112.68,21.17,36.94
210.81,1.56,68.52,1.13,112.37,17.25,35.36
203.24,1.55,63.51,1.14,112.48,25.76,34.3
199.6,1.5,60.27,1.14,111.72,23.85,34.52
203.2,1.53,62.13,1.14,111.25,18.75,37.74
206.66,1.47,63.69,1.14,110.38,16.64,37.3
209.48,1.49,64.86,1.14,109.7,15.63,39.74
209.92,1.5,64.2,1.14,108.43,14.77,40.46
208.41,1.57,62.34,1.14,108.31,15.58,42.12
209.66,1.54,62.77,1.14,107.93,14.96,41.7
209.53,1.58,63.27,1.14,108.64,14.76,41.45
212.65,1.54,64.45,1.13,109.42,13.2,40.4
213.4,1.56,64.98,1.13,109.32,13.54,39.74
214.95,1.58,66.22,1.13,108.02,13.55,40.88
214.92,1.62,66.12,1.13,109.07,13.04,42.72
216.12,1.65,67.26,1.14,109.24,12.82,43.18
215.83,1.66,67.22,1.13,109.84,12.67,42.76
216.41,1.66,67.47,1.13,109.44,12.44,41.67
216.19,1.7,67.43,1.12,111.44,11.97,42.52
217.09,1.63,67.45,1.13,111.14,11.77,45.29
216.27,1.62,67.11,1.13,111.23,12.74,46.03
217.24,1.61,67.5,1.13,111.52,12.02,45.98
216.65,1.66,67.34,1.14,108.08,12.87,44.75
216.75,1.6,67.75,1.15,106.45,13.05,43.65
216.52,1.6,68.12,1.15,106.4,12.83,43.77
216.77,1.56,68.21,1.15,106.68,12.72,44.33
217.12,1.6,68.0,1.15,106.92,11.87,44.58
216.94,1.53,67.44,1.14,107.28,12.44,43.45
215.55,1.53,66.9,1.14,107.36,13.37,44.68
216.18,1.47,67.89,1.14,108.33,12.86,46.21
216.41,1.48,67.84,1.14,109.19,12.42,46.64
218.18,1.42,69.99,1.14,108.42,11.39,46.22
218.05,1.47,69.99,1.14,109.1,11.5,47.72
218.18,1.48,69.94,1.13,108.66,11.66,48.29
217.64,1.57,69.05,1.13,109.08,12.05,48.12
218.65,1.54,69.36,1.13,108.95,11.68,48.16
218.46,1.52,69.05,1.12,110.14,11.55,47.67
219.09,1.49,69.89,1.12,109.88,11.81,48.12
217.96,1.51,69.9,1.12,110.05,12.64,48.04
218.37,1.54,70.05,1.12,109.37,12.19,49.1
218.86,1.52,70.11,1.11,110.17,11.43,49.0
218.54,1.53,70.23,1.12,110.11,11.34,49.36
217.85,1.55,70.21,1.11,110.84,13.45,49.07
217.7,1.52,70.48,1.11,110.67,13.63,49.14
217.29,1.41,71.0,1.12,109.48,13.65,48.69
218.36,1.45,71.61,1.12,108.86,12.94,49.71
218.0,1.44,72.48,1.14,106.72,13.12,50.37
217.38,1.47,72.62,1.14,107.44,13.42,51.23
217.39,1.42,72.2,1.14,107.25,13.48,50.52
218.37,1.38,72.55,1.14,106.78,11.98,49.09
219.03,1.35,71.78,1.13,107.09,12.02,48.89
219.01,1.35,71.92,1.12,106.5,11.94,48.49
218.51,1.34,72.23,1.13,106.23,12.51,47.92
213.28,1.3,71.51,1.12,106.09,17.5,46.14
216.34,1.35,72.24,1.13,105.85,15.16,48.0
213.23,1.39,71.08,1.13,104.74,17.85,49.4
213.15,1.44,70.67,1.13,104.65,18.14,48.95
215.28,1.42,71.14,1.13,103.82,16.3,49.16
213.37,1.43,70.35,1.13,104.67,15.37,49.34
213.41,1.3,70.69,1.13,104.65,15.53,46.7
213.42,1.19,70.8,1.13,104.9,15.92,45.8
215.82,1.2,71.15,1.1,102.13,13.3,47.93
217.18,1.24,71.3,1.1,101.81,12.02,49.85
215.99,1.23,71.24,1.11,102.7,12.29,48.27
214.24,1.18,69.73,1.11,102.78,14.5,49.02
214.68,1.11,69.71,1.11,102.52,14.02,47.37
216.3,1.11,70.85,1.11,101.14,13.29,45.22
215.78,1.09,70.61,1.11,101.15,13.57,45.37
214.68,1.12,71.4,1.11,100.79,13.63,44.73
215.63,1.24,72.79,1.1,100.69,12.99,46.82
215.78,1.17,72.95,1.11,102.52,12.84,44.87
215.04,1.21,72.86,1.11,104.76,13.48,45.64
216.16,1.28,73.2,1.11,104.08,13.38,45.93
213.43,1.27,72.33,1.11,105.19,15.36,45.23
213.71,1.25,72.27,1.11,105.46,15.91,44.64
213.01,1.27,70.9,1.11,106.15,16.69,44.96
213.12,1.25,71.23,1.1,106.14,16.12,43.96
212.38,1.24,70.93,1.1,107.2,16.21,43.41
213.71,1.26,71.83,1.1,105.81,15.28,42.4
214.28,1.26,73.03,1.1,106.33,14.41,42.16
213.88,1.21,73.49,1.1,105.58,13.75,41.9
213.98,1.27,73.69,1.1,104.85,13.34,41.13
214.89,1.18,74.04,1.11,104.95,13.02,41.54
214.17,1.22,74.08,1.11,104.75,13.46,40.05
213.74,1.26,74.75,1.12,102.33,14.24,39.5
213.17,1.27,75.1,1.12,102.36,15.36,40.8
212.54,1.25,74.54,1.12,101.07,16.19,41.92
212.55,1.31,74.49,1.12,101.34,17.06,41.83
211.01,1.28,74.5,1.11,101.2,18.56,43.06
209.74,1.26,73.55,1.11,102.14,19.32,42.78
208.78,1.22,73.47,1.11,102.29,22.08,41.75
208.55,1.29,73.36,1.11,101.92,22.51,43.51
213.15,1.22,75.42,1.12,101.13,18.71,44.47
214.11,1.24,75.14,1.11,101.81,18.74,45.72
216.38,1.3,78.83,1.12,101.28,14.38,46.57
216.92,1.26,81.85,1.12,101.24,14.74,46.81
216.42,1.23,82.67,1.13,100.2,14.17,48.2
216.59,1.28,85.35,1.13,99.91,14.48,48.48
218.28,1.26,85.59,1.13,100.11,13.37,46.8
217.87,1.25,83.9,1.13,100.55,13.72,47.54
218.99,1.25,85.35,1.13,100.25,13.35,46.29
218.5,1.25,85.71,1.13,100.31,12.85,46.97
220.15,1.28,85.86,1.13,100.55,12.42,47.64
220.58,1.24,86.05,1.13,100.56,12.41,46.97
220.7,1.24,86.71,1.12,101.92,12.43,46.32
221.52,1.25,86.91,1.12,101.81,12.34,44.68
220.48,1.24,85.3,1.12,102.87,13.15,43.17
220.91,1.27,85.55,1.12,103.3,12.9,44.39
219.68,1.2,88.23,1.12,103.51,14.12,45.47
221.0,1.26,89.29,1.13,101.53,12.14,47.63
221.7,1.32,90.41,1.12,101.83,11.79,45.88
224.6,1.31,91.79,1.13,102.31,12.22,46.28
225.15,1.37,92.96,1.12,102.44,12.64,44.91
226.51,1.37,92.97,1.12,101.75,11.75,43.62
226.25,1.42,91.77,1.12,102.5,12.64,43.85
227.76,1.4,91.88,1.12,102.55,12.72,43.04
225.88,1.4,91.58,1.12,102.01,13.19,43.34
226.81,1.39,92.79,1.12,102.31,12.79,43.85
225.04,1.44,91.72,1.12,101.85,12.2,45.33
225.53,1.45,91.97,1.12,101.55,11.71,46.1
226.4,1.44,93.3,1.12,100.39,11.45,44.36
225.77,1.34,92.95,1.12,100.83,11.27,45.6
225.38,1.3,92.86,1.12,100.89,11.43,44.65
225.71,1.3,93.14,1.12,100.36,11.44,47.07
226.27,1.3,93.38,1.12,100.47,11.99,47.72
224.4,1.31,92.33,1.12,100.93,12.95,47.72
224.35,1.31,91.35,1.12,101.2,13.37,48.8
223.53,1.36,91.79,1.12,101.56,14.04,48.67
225.24,1.4,92.68,1.12,101.82,12.85,49.75
226.58,1.42,93.71,1.12,102.88,11.85,50.44
226.4,1.4,92.39,1.12,103.46,11.67,49.76
226.46,1.42,92.13,1.12,103.02,11.56,50.72
226.46,1.42,92.74,1.11,103.7,11.49,50.14
227.1,1.45,93.24,1.11,103.34,11.26,50.47
226.53,1.48,92.31,1.1,104.3,11.54,50.35
227.05,1.43,93.11,1.1,103.72,11.23,49.97
226.25,1.41,89.92,1.1,104.04,11.87,50.3
226.75,1.41,90.59,1.1,103.85,12.48,51.59
225.91,1.41,89.95,1.1,103.86,12.78,50.31
226.74,1.4,90.48,1.1,103.39,11.54,50.61
226.15,1.44,90.08,1.09,104.11,11.77,50.18
227.6,1.43,91.47,1.09,103.92,11.07,49.45
229.57,1.46,92.96,1.09,104.32,10.81,48.75
229.33,1.55,93.34,1.09,104.15,10.63,49.71
228.97,1.56,92.85,1.09,104.56,10.58,48.72
227.55,1.5,91.99,1.09,105.21,11.88,46.83
227.53,1.48,91.41,1.1,104.57,11.99,46.66
227.62,1.44,91.69,1.1,104.82,11.81,45.32
227.77,1.44,91.1,1.11,104.09,11.93,44.66
229.34,1.41,93.14,1.11,103.38,10.97,44.07
228.93,1.42,92.76,1.11,103.05,11.37,44.88
228.94,1.45,92.39,1.11,104.2,11.29,44.96
229.24,1.62,91.5,1.11,104.44,11.45,45.2
230.6,1.67,92.92,1.1,105.03,10.88,44.62
232.77,1.68,94.21,1.09,106.86,11.07,43.29
233.7,1.72,95.94,1.08,106.87,10.74,45.86
234.92,1.75,96.89,1.08,108.2,11.97,45.56
234.72,1.85,96.46,1.07,109.04,11.76,45.37
235.09,1.9,96.26,1.07,108.79,11.49,45.69
236.49,1.87,96.79,1.06,110.26,11.57,47.48
236.28,1.82,96.7,1.06,110.97,11.74,48.07
236.44,1.85,96.77,1.06,110.65,11.71,46.72
236.47,1.84,96.22,1.06,113.29,12.92,45.66
239.78,1.82,99.33,1.06,112.65,12.54,45.29
238.27,1.89,97.27,1.06,111.69,11.81,49.41
238.42,1.97,97.72,1.06,112.47,10.96,51.08
237.71,1.91,97.08,1.06,114.69,11.24,51.7
237.0,1.9,96.75,1.07,113.91,11.45,51.72
236.56,1.9,96.79,1.06,113.5,11.86,50.95
236.86,1.82,97.0,1.08,113.86,12.3,49.85
237.69,1.89,96.74,1.07,114.05,11.66,50.84
237.81,1.93,96.64,1.08,113.71,11.35,51.51
236.9,1.98,96.51,1.06,114.07,12.3,52.74
238.95,1.94,95.9,1.05,115.41,11.63,52.99
238.48,1.99,96.39,1.06,115.0,11.21,51.01
237.03,2.09,95.34,1.06,115.22,11.28,50.9
236.77,2.09,94.19,1.05,117.21,11.34,51.93
233.73,2.02,90.5,1.04,118.24,12.47,52.13
234.28,2.05,90.46,1.04,117.79,12.81,52.22
234.03,2.03,90.79,1.04,117.04,13.12,51.44
233.86,2.04,90.84,1.04,117.88,12.96,51.98
233.62,2.03,90.43,1.04,117.6,12.5,52.01
236.29,1.98,93.05,1.05,117.19,11.54,54.01
235.74,2.02,92.05,1.05,117.48,12.37,53.8
235.33,1.94,91.83,1.04,117.09,12.38,53.75
235.44,1.93,91.35,1.05,117.5,12.39,53.26
235.2,1.85,90.91,1.04,117.66,12.87,53.77
235.34,1.89,90.33,1.05,117.11,14.05,53.98
235.06,1.88,90.27,1.06,115.26,15.07,51.95
234.03,1.86,89.3,1.05,117.15,15.77,50.82
232.51,1.86,88.02,1.06,115.99,15.96,52.19
234.57,1.84,89.69,1.06,115.87,14.66,53.01
233.87,1.87,88.77,1.06,115.1,14.42,52.36
234.59,1.89,89.63,1.06,114.15,14.63,51.12
237.17,1.95,91.9,1.07,112.88,10.84,51.39
238.55,1.98,92.57,1.06,114.76,10.76,52.33
238.4,1.9,92.85,1.07,114.98,10.85,52.77
238.6,1.96,92.21,1.07,113.81,10.36,52.38
238.08,2.03,91.24,1.08,112.78,10.82,52.14
238.68,2.0,92.08,1.07,113.84,10.11,53.24
238.77,1.97,91.76,1.08,113.29,10.59,53.18
238.48,1.98,92.69,1.07,114.46,10.68,52.63
238.76,1.93,92.91,1.07,114.67,10.46,52.75
239.7,1.97,92.64,1.07,113.65,10.57,53.9
239.66,1.96,92.94,1.08,112.74,9.77,53.55
239.44,1.98,92.42,1.08,113.31,9.96,53.81
239.87,1.89,92.6,1.08,112.79,10.21,53.01
239.38,1.87,91.89,1.08,112.64,10.6,52.19
238.98,1.8,91.46,1.07,111.83,10.4,52.37
240.3,1.86,92.26,1.07,112.39,10.42,52.99
240.08,1.86,92.69,1.07,111.95,10.65,53.84
235.82,1.91,88.91,1.07,113.43,15.59,52.96
236.77,1.93,89.24,1.06,113.91,14.66,53.21
238.31,1.97,90.02,1.06,113.71,12.04,53.11
239.52,1.92,90.23,1.06,114.3,10.93,53.41
240.05,1.89,91.41,1.06,114.11,10.72,53.41
241.71,1.9,90.83,1.06,113.28,9.81,53.61
241.5,1.87,89.94,1.05,113.67,10.38,54.48
241.44,1.79,88.87,1.06,113.42,10.41,53.99
243.36,1.86,90.0,1.06,112.68,9.89,54.04
244.17,1.83,89.38,1.06,112.19,9.75,54.0
243.99,1.83,89.51,1.06,112.75,10.07,53.82
243.21,1.82,89.11,1.06,113.08,10.45,52.63
243.66,1.78,90.15,1.05,114.12,10.39,53.33
243.78,1.75,91.71,1.05,114.34,10.16,53.19
243.41,1.76,93.79,1.06,113.85,10.7,52.68
243.36,1.84,93.86,1.06,113.92,11.46,49.83
244.55,1.87,94.33,1.06,113.93,10.42,48.75
244.24,1.83,94.44,1.05,114.41,10.64,48.05
243.77,1.83,93.94,1.06,115.15,10.9,47.95
242.64,1.82,93.74,1.07,114.73,10.38,47.24
244.66,1.78,94.59,1.07,114.92,10.37,48.34
243.01,1.8,93.69,1.06,114.66,10.86,48.3
242.95,1.77,92.94,1.07,113.4,10.75,48.34
242.84,1.71,92.29,1.08,113.34,10.48,47.79
243.13,1.66,91.54,1.07,112.67,10.02,47.02
243.29,1.63,92.14,1.07,112.57,9.9,47.29
241.33,1.65,92.83,1.08,111.53,11.06,47.0
243.49,1.62,94.38,1.08,111.37,10.03,47.3
241.35,1.6,95.6,1.08,111.0,11.44,47.02
241.8,1.64,95.6,1.08,110.55,11.18,48.36
242.21,1.61,97.08,1.09,110.77,11.22,49.47
242.77,1.64,97.41,1.08,111.23,11.07,50.3
240.55,1.64,96.58,1.08,111.15,12.54,50.54
242.11,1.56,97.13,1.07,111.78,11.19,50.25
242.37,1.57,97.04,1.07,111.26,11.11,50.99
242.19,1.54,96.44,1.07,110.71,10.89,51.14
244.01,1.55,96.37,1.07,110.85,10.3,51.69
244.42,1.56,96.97,1.07,110.38,9.9,52.25
245.56,1.55,96.29,1.06,110.9,9.51,53.06
245.53,1.5,96.19,1.06,111.22,9.82,53.38
245.66,1.47,95.62,1.06,110.72,9.89,53.12
246.99,1.43,95.21,1.06,109.59,9.79,53.19
246.82,1.36,95.48,1.06,108.32,9.43,52.46
247.42,1.4,96.76,1.06,109.11,9.43,50.49
247.43,1.45,95.77,1.07,108.54,9.6,50.26
247.2,1.45,95.5,1.07,108.83,10.11,49.64
246.91,1.47,95.23,1.07,109.38,10.29,48.9
246.77,1.53,95.99,1.09,109.98,10.26,49.22
247.32,1.49,96.8,1.09,109.64,10.09,49.22
247.44,1.49,96.9,1.09,111.05,10.28,48.96
246.96,1.49,96.31,1.09,111.19,10.44,49.31
247.41,1.5,97.22,1.09,111.23,10.03,48.83
247.87,1.47,96.94,1.09,111.3,9.93,47.65
247.26,1.48,97.09,1.09,111.81,10.96,47.79
247.25,1.5,96.55,1.09,111.97,11.11,45.55
243.76,1.46,94.38,1.09,112.78,16.04,46.23
244.12,1.48,93.76,1.1,112.54,15.51,46.46
246.54,1.51,95.43,1.1,112.68,12.33,45.84
246.51,1.51,95.57,1.09,113.23,12.04,47.28
246.94,1.5,95.23,1.09,113.7,11.74,47.81
243.09,1.45,93.22,1.09,114.33,15.55,47.83
242.71,1.44,93.24,1.09,113.81,14.26,48.86
242.9,1.43,92.85,1.09,113.27,13.19,48.64
245.44,1.32,93.88,1.1,113.64,11.35,49.04
244.56,1.3,93.88,1.11,112.65,12.25,49.36
243.99,1.31,94.15,1.12,111.13,12.23,50.32
244.56,1.32,94.2,1.11,111.4,11.28,50.81
244.57,1.37,93.68,1.12,111.28,11.32,51.12
244.85,1.33,92.98,1.12,110.89,11.7,50.99
246.01,1.31,93.33,1.12,111.96,11.22,48.57
247.49,1.31,92.98,1.12,111.52,10.59,49.58
246.9,1.23,91.53,1.11,111.17,11.63,48.29
246.87,1.23,89.71,1.12,110.84,11.55,48.32
246.58,1.17,90.17,1.12,110.8,12.12,47.68
249.21,1.22,92.0,1.12,111.44,10.73,47.4
250.05,1.17,93.51,1.13,110.46,10.58,48.13
250.17,1.18,93.88,1.13,110.38,10.5,45.8
250.09,1.18,93.34,1.13,109.51,10.44,45.68
249.19,1.2,93.81,1.13,109.9,10.17,45.82
249.72,1.23,95.02,1.12,109.86,10.15,46.1
249.97,1.21,95.86,1.12,110.29,10.18,46.41
250.06,1.14,96.64,1.12,109.92,9.78,44.79
249.39,1.14,97.15,1.12,110.06,9.67,44.47
249.44,1.13,97.04,1.12,109.45,9.59,44.73
248.93,1.17,96.78,1.11,110.95,10.21,44.24
249.08,1.15,96.97,1.12,110.95,10.17,43.34
250.05,1.17,98.55,1.11,111.67,9.87,42.48
250.35,1.19,98.69,1.11,111.33,9.55,42.53
251.23,1.18,99.26,1.12,111.31,9.51,42.86
252.32,1.15,99.81,1.11,111.29,9.45,43.24
252.86,1.21,99.81,1.12,111.24,9.51,44.25
253.16,1.2,99.23,1.12,111.86,9.63,44.74
254.66,1.23,100.59,1.13,112.19,9.19,44.88
254.37,1.28,100.75,1.14,112.35,9.65,46.02
254.64,1.33,99.36,1.14,112.96,9.91,45.52
254.95,1.34,98.88,1.13,113.19,9.61,44.25
255.29,1.34,99.52,1.14,113.15,9.91,44.4
255.47,1.32,98.79,1.14,113.99,10.31,45.06
255.79,1.3,99.6,1.15,113.75,10.05,46.06
257.11,1.29,101.17,1.14,113.33,9.97,46.53
256.11,1.24,100.79,1.14,113.42,11.07,46.02
256.56,1.2,101.6,1.15,112.4,11.16,46.4
255.29,1.16,101.11,1.15,112.58,11.23,47.1
255.62,1.12,101.96,1.15,112.0,11.3,46.73
257.71,1.08,102.23,1.15,111.88,9.8,45.78
256.75,1.09,101.76,1.16,111.89,10.5,46.21
257.15,1.15,101.45,1.17,110.94,10.18,47.77
257.49,1.16,101.69,1.16,111.23,10.2,48.58
257.59,1.21,102.31,1.16,112.0,9.93,49.05
258.45,1.22,102.13,1.17,111.13,9.14,49.72
258.85,1.23,102.0,1.17,111.1,9.4,50.21
258.67,1.18,99.68,1.17,110.51,9.89,49.19
259.11,1.19,98.78,1.18,110.36,9.78,49.6
258.17,1.16,97.99,1.18,110.43,10.5,49.03
258.09,1.19,97.59,1.19,110.76,11.29,49.57
258.33,1.24,98.24,1.19,109.9,11.5,49.37
257.73,1.23,98.72,1.18,110.79,11.59,49.07
256.44,1.18,99.11,1.18,110.75,13.13,49.59
258.62,1.15,99.07,1.18,110.1,11.76,48.54
257.86,1.16,99.18,1.18,110.05,11.43,48.81
258.3,1.2,99.69,1.18,109.11,10.65,47.59
259.99,1.23,99.48,1.18,109.23,9.73,47.57
259.76,1.21,99.19,1.18,109.93,9.88,46.8
260.36,1.19,98.92,1.17,110.6,9.67,47.07
260.23,1.17,98.7,1.18,110.0,9.87,48.59
262.87,1.18,101.65,1.17,109.33,10.03,47.39
262.71,1.22,104.38,1.18,109.32,10.7,47.65
265.01,1.17,104.57,1.18,108.94,11.28,48.45
264.46,1.17,104.68,1.18,109.73,11.43,47.24
264.14,1.14,106.84,1.18,108.91,11.68,47.65
263.19,1.18,105.88,1.18,109.51,11.33,46.4
263.24,1.1,105.35,1.2,109.35,11.02,46.46
264.07,1.12,105.96,1.2,108.74,10.16,45.96
265.51,1.11,106.66,1.2,109.79,9.58,47.26
266.31,1.14,106.17,1.19,110.46,9.34,47.32
265.66,1.03,104.97,1.19,109.81,10.49,49.13
266.51,1.0,106.25,1.19,108.6,9.42,49.1
268.2,1.02,107.52,1.19,109.13,9.53,47.44
267.17,1.09,107.09,1.2,108.27,10.03,48.06
267.03,1.14,106.79,1.2,108.23,9.72,48.21
267.58,1.16,108.12,1.2,109.39,9.62,49.3
267.51,1.15,107.95,1.2,110.23,9.9,49.86
267.19,1.15,107.27,1.19,110.51,10.25,49.9
267.32,1.18,107.15,1.19,109.92,10.47,49.88
267.87,1.2,107.63,1.19,111.2,10.18,49.54
266.86,1.24,106.71,1.2,111.5,11.04,50.29
268.77,1.23,107.11,1.2,111.58,9.77,50.58
270.47,1.23,107.67,1.19,112.55,9.15,50.33
271.61,1.17,108.67,1.19,112.45,9.22,51.85
273.42,1.18,108.9,1.19,112.44,9.22,51.59
273.92,1.24,108.76,1.19,111.76,9.52,52.14
274.54,1.25,109.92,1.18,112.38,10.08,51.62
274.12,1.27,111.37,1.17,112.86,9.82,51.67
276.12,1.33,112.14,1.18,112.47,9.88,50.59
277.92,1.26,113.05,1.18,112.64,10.16,50.44
276.97,1.25,112.6,1.17,112.77,11.66,50.0
279.61,1.28,113.18,1.17,112.85,11.91,50.79
279.14,1.3,112.75,1.18,112.82,12.22,49.34
282.69,1.27,115.25,1.17,112.55,11.03,50.93
283.29,1.25,115.5,1.17,112.66,11.1,51.3
283.18,1.24,115.93,1.18,112.35,11.47,50.61
283.3,1.19,115.58,1.19,112.43,11.58,51.43
286.58,1.2,116.41,1.18,112.24,11.08,51.86
284.68,1.21,116.22,1.18,111.88,13.84,51.87
281.76,1.25,115.12,1.18,112.2,14.79,52.05
281.9,1.23,115.3,1.18,112.21,13.54,51.29
281.58,1.28,116.52,1.18,113.01,13.47,51.63
275.45,1.29,114.39,1.18,112.68,17.31,51.91
263.93,1.3,108.77,1.18,114.05,37.32,52.32
269.13,1.32,110.61,1.18,113.34,29.98,51.97
267.67,1.35,110.99,1.18,113.95,27.73,52.41
257.63,1.32,106.08,1.18,113.56,33.46,53.92
261.5,1.25,108.18,1.16,114.12,29.06,54.11
265.34,1.23,109.55,1.16,113.74,25.61,54.36
266.0,1.19,110.21,1.17,113.0,24.97,54.32
269.59,1.18,113.23,1.17,113.65,19.26,54.55
273.03,1.16,113.64,1.16,114.15,19.13,55.63
273.11,1.13,113.72,1.17,114.02,19.46,57.34
271.4,1.1,113.43,1.16,114.18,20.6,57.19
270.05,1.09,113.92,1.16,113.77,20.02,56.82
270.4,1.09,112.34,1.16,113.76,18.72,57.16
274.71,1.17,114.23,1.16,113.93,16.49,56.75
277.9,1.16,115.3,1.16,113.38,15.8,56.77
274.43,1.12,114.01,1.17,113.69,18.59,55.67
271.65,1.08,112.7,1.17,113.58,19.85,55.28
267.7,1.1,111.19,1.18,113.4,22.47,55.14
272.19,1.07,113.23,1.18,113.03,18.73,56.21
272.88,1.06,113.77,1.17,112.04,18.36,56.84
272.78,1.03,113.77,1.17,112.55,17.76,57.88
278.52,1.05,115.52,1.19,111.25,15.78,58.1
276.72,1.04,114.18,1.19,111.67,16.35,57.96
275.3,1.08,112.49,1.19,111.17,17.23,57.25
275.0,1.15,112.53,1.18,111.65,16.59,57.4
274.2,1.1,112.92,1.19,112.0,15.8,58.35
270.49,1.08,112.18,1.19,112.56,19.02,57.48
270.95,1.06,111.97,1.19,112.86,18.2,57.66
270.43,1.03,112.19,1.19,112.5,17.86,55.79
263.67,1.08,107.54,1.18,112.46,23.34,56.5
258.05,1.1,103.94,1.18,112.29,24.87,57.15
265.11,1.06,107.66,1.18,113.17,21.03,57.84
260.6,1.06,105.05,1.18,113.54,22.5,57.12
259.83,1.06,105.13,1.18,113.54,22.87,56.59
263.15,1.03,106.5,1.17,113.54,19.97,57.0
257.47,1.04,104.35,1.18,112.78,23.62,57.29
260.77,1.01,105.92,1.18,112.4,21.1,57.17
263.56,1.09,107.28,1.17,112.72,20.06,57.49
265.64,1.11,107.99,1.18,112.57,18.94,58.09
259.72,1.13,105.08,1.18,112.98,21.49,58.34
261.0,1.15,105.84,1.19,113.24,21.77,58.25
265.93,0.98,108.6,1.19,113.3,18.49,59.67
265.15,1.04,106.38,1.19,113.2,17.41,59.84
267.33,1.01,106.46,1.19,113.22,16.56,60.46
268.89,1.03,107.16,1.2,112.77,15.96,61.61
266.61,1.05,107.39,1.21,112.24,16.88,61.98
266.57,1.08,107.85,1.2,112.61,16.34,61.49
262.98,1.04,107.92,1.21,112.78,18.02,61.73
263.63,1.11,107.87,1.2,113.15,17.84,62.92
266.31,1.13,107.51,1.2,113.14,16.24,63.6
266.56,1.11,108.35,1.19,112.75,15.41,63.81
264.51,1.12,107.0,1.2,111.44,15.93,64.22
262.62,1.13,105.46,1.23,110.58,15.9,63.92
266.02,1.17,106.5,1.23,110.39,14.77,63.96
266.92,1.2,107.07,1.22,111.38,14.75,63.38
266.92,1.22,108.17,1.22,111.03,14.71,63.66
269.5,1.19,109.89,1.23,110.68,13.42,64.45
272.02,1.22,110.76,1.23,110.97,13.23,65.69
272.85,1.21,110.83,1.23,110.11,12.65,65.62
272.98,1.25,110.71,1.24,109.33,12.93,66.27
271.1,1.26,111.01,1.24,109.7,14.63,65.71
272.24,1.29,110.92,1.24,108.64,13.42,64.64
272.01,1.26,110.98,1.24,108.93,13.43,64.82
271.33,1.3,109.51,1.24,108.73,13.42,65.92
273.37,1.36,109.85,1.24,109.2,13.08,65.5
272.61,1.26,110.88,1.25,109.41,13.22,64.18
273.36,1.27,110.13,1.24,110.04,12.58,63.48
272.8,1.29,109.52,1.24,109.1,12.53,61.91
272.15,1.3,108.93,1.24,109.63,13.22,61.3
269.02,1.28,104.65,1.23,109.2,17.02,59.2
272.61,1.24,106.59,1.23,108.53,14.94,59.41
270.94,1.24,105.94,1.23,108.8,15.43,59.33
273.6,1.33,107.49,1.23,108.69,13.46,60.7
274.9,1.32,107.94,1.24,107.76,12.74,61.48
275.1,1.25,107.43,1.25,106.59,12.4,61.89
278.19,1.3,110.0,1.24,106.71,12.18,61.73
278.56,1.29,109.32,1.23,107.38,12.35,62.72
278.92,1.24,109.1,1.23,107.56,12.34,63.52
278.03,1.2,108.63,1.23,106.81,12.94,63.81
278.73,1.24,107.6,1.23,107.07,12.12,62.94
277.13,1.22,107.67,1.23,107.07,11.98,61.43
276.56,1.18,107.85,1.22,107.43,12.31,60.98
275.5,1.21,107.87,1.22,106.64,13.35,61.19
275.97,1.18,107.75,1.23,106.16,12.79,62.49
274.24,1.2,107.79,1.23,105.56,14.64,62.54
274.74,1.21,106.69,1.23,106.25,13.77,61.09
271.0,1.19,105.51,1.24,105.54,17.33,60.13
271.6,1.23,104.87,1.24,106.19,15.92,62.02
269.35,1.16,103.47,1.23,106.41,17.91,61.35
270.89,1.11,104.07,1.23,106.89,16.85,60.69
271.28,1.05,103.89,1.23,106.26,16.09,60.89
271.86,1.05,104.85,1.24,106.51,15.6,61.16
270.9,1.07,103.62,1.24,106.15,16.14,62.29
273.11,1.05,103.74,1.23,106.31,14.97,62.01
275.42,1.08,104.33,1.23,105.97,13.37,63.37
277.9,1.15,107.08,1.23,106.0,12.69,65.1
278.9,1.11,106.35,1.23,106.47,12.64,64.25
276.86,1.08,105.7,1.23,105.93,13.63,65.8
279.37,1.06,105.57,1.23,104.97,12.58,65.49
279.59,1.01,104.53,1.24,104.86,12.18,65.21
279.34,1.04,106.7,1.25,105.5,12.83,64.3
280.47,1.01,106.99,1.24,105.49,12.06,64.87
279.68,1.04,106.94,1.23,106.31,12.86,63.41
280.2,1.08,108.9,1.23,105.8,12.62,63.35
281.61,1.11,108.98,1.23,106.44,12.41,63.53
284.01,1.04,108.88,1.23,106.77,12.29,62.03
283.34,1.02,109.02,1.23,107.05,12.14,63.4
281.42,1.06,109.52,1.23,106.97,13.03,65.48
279.95,1.06,109.68,1.23,106.75,14.26,66.81
281.33,1.08,108.94,1.24,107.11,12.83,67.07
280.86,1.06,109.42,1.24,106.83,13.15,67.35
282.39,1.04,109.92,1.23,107.22,12.19,66.23
283.6,1.02,110.34,1.23,107.5,11.64,66.5
284.64,1.06,110.34,1.24,107.05,11.27,68.44
285.58,1.1,110.65,1.24,107.02,10.93,68.3
285.46,1.15,111.25,1.24,107.35,10.85,68.26
285.07,1.11,110.41,1.23,107.43,11.27,67.61
283.16,1.13,109.12,1.23,107.87,13.16,67.66
282.1,1.18,107.93,1.22,108.76,14.78,68.0
283.9,1.18,109.38,1.22,108.8,13.31,68.18
281.78,1.14,108.31,1.22,109.36,14.64,68.11
284.06,1.08,109.83,1.21,109.3,13.45,68.56
285.06,1.12,110.06,1.21,109.1,12.64,67.28
285.67,1.13,110.52,1.21,109.32,12.49,67.91
286.34,1.1,111.19,1.2,109.87,12.86,68.45
286.17,1.11,110.95,1.2,109.83,12.25,69.71
285.79,1.09,110.26,1.2,109.1,12.41,70.74
287.51,1.1,110.26,1.2,109.15,11.99,68.83
289.78,1.12,111.44,1.19,108.94,12.16,71.16
289.92,1.07,111.29,1.19,109.02,12.5,71.36
291.48,1.05,111.02,1.18,109.85,12.25,70.69
290.3,1.07,110.07,1.19,109.44,13.53,71.01
290.31,1.16,110.17,1.2,109.34,12.86,71.34
289.81,1.17,110.86,1.19,109.73,13.16,71.43
289.03,1.19,110.91,1.18,110.3,13.91,71.47
288.16,1.15,110.06,1.18,110.36,14.65,71.23
287.6,1.13,109.82,1.18,110.83,14.88,72.26
288.1,1.13,109.68,1.18,110.88,14.16,72.09
289.05,1.09,109.95,1.18,110.98,13.22,71.85
289.12,1.07,108.28,1.18,110.73,13.14,70.77
290.83,1.03,107.1,1.17,109.87,12.37,67.92
290.91,0.9,107.13,1.16,109.39,12.79,68.24
291.22,0.9,109.22,1.15,108.39,11.75,66.98
293.58,0.97,110.54,1.17,108.71,11.8,65.81
291.99,1.0,110.07,1.17,108.75,11.68,64.76
291.02,0.98,108.71,1.17,109.6,12.2,65.51
290.75,1.02,108.36,1.17,109.96,12.42,64.75
289.88,0.99,106.74,1.17,109.86,12.89,65.96
290.69,1.0,105.82,1.18,110.12,12.41,65.77
290.72,1.02,104.87,1.18,109.69,12.12,66.1
291.73,1.04,104.98,1.18,109.44,12.0,66.38
291.56,1.04,104.81,1.18,110.39,12.05,66.63
291.72,1.0,106.4,1.17,110.45,11.61,66.91
289.44,0.99,107.17,1.18,110.24,14.22,65.01
287.82,0.98,106.55,1.16,110.64,14.82,65.91
287.82,0.95,107.33,1.16,110.62,15.69,65.09
287.4,0.99,106.66,1.16,110.14,15.95,65.92
278.3,0.96,104.19,1.16,110.07,22.96,65.68
272.17,0.97,101.31,1.16,110.35,24.98,69.02
275.95,0.94,100.47,1.16,109.95,21.31,69.91
274.4,0.95,99.98,1.17,109.94,21.3,75.23
280.4,0.9,100.88,1.17,109.64,17.62,77.41
280.45,0.91,101.74,1.17,110.1,17.4,73.45
276.4,0.92,99.89,1.16,110.21,20.06,74.13
276.25,0.89,99.81,1.16,110.49,19.89,73.89
275.01,0.85,97.08,1.17,110.71,19.64,74.19
270.08,0.85,96.02,1.17,110.5,24.22,73.78
265.33,0.88,94.83,1.17,110.58,24.16,73.93
263.86,0.88,96.1,1.18,110.42,24.7,74.11
267.77,0.88,97.43,1.18,110.95,23.35,70.47
270.63,0.87,98.89,1.17,110.83,21.23,70.28
273.51,0.85,99.42,1.17,111.96,19.34,71.03
271.89,0.84,99.37,1.17,112.67,19.51,68.22
273.39,0.84,100.16,1.17,112.4,19.96,68.03
275.12,0.88,100.57,1.17,112.37,19.91,68.78
281.01,0.84,101.5,1.17,113.01,16.36,69.42
280.5,0.9,101.85,1.16,112.79,16.72,70.31
277.76,0.97,101.18,1.17,112.36,17.36,67.9
272.57,0.93,99.68,1.17,111.05,20.45,70.77
272.06,0.93,100.35,1.17,111.46,20.02,71.13
270.2,0.99,98.88,1.17,111.24,21.25,71.59
273.02,0.96,100.55,1.17,110.85,19.98,68.66
273.73,0.94,100.37,1.16,111.15,18.14,71.19
269.1,0.93,100.48,1.17,110.93,20.1,69.88
264.12,0.97,98.63,1.17,110.99,22.48,68.8
265.02,0.96,98.63,1.17,111.81,20.8,68.95
263.25,0.94,98.07,1.17,111.62,21.52,68.49
267.5,0.89,100.28,1.16,111.69,18.9,69.01
268.4,0.92,99.93,1.16,111.23,19.02,69.17
274.58,0.9,101.39,1.16,111.34,18.49,66.92
273.98,0.87,100.52,1.16,111.35,18.79,66.81
275.65,0.82,101.57,1.16,110.89,18.07,67.61
279.3,0.82,101.7,1.15,111.09,16.44,67.25
270.25,0.81,96.76,1.14,110.63,20.74,67.04
269.84,0.79,95.19,1.14,110.66,21.19,65.07
263.57,0.8,93.26,1.13,111.25,23.23,65.44
264.07,0.82,91.29,1.13,110.58,22.64,65.93
264.13,0.76,90.17,1.14,111.0,21.76,66.5
265.46,0.77,90.5,1.14,110.47,21.46,67.32
265.37,0.73,89.02,1.15,109.95,20.65,67.85
260.47,0.74,88.1,1.16,110.13,21.63,69.13
255.36,0.73,87.45,1.16,110.59,24.52,69.71
255.08,0.73,86.26,1.15,111.37,25.58,69.97
251.26,0.75,84.47,1.16,111.28,25.58,68.54
247.17,0.76,84.09,1.17,111.14,28.38,69.68
240.7,0.75,82.52,1.17,111.16,30.11,70.25
234.34,0.75,80.78,1.17,111.71,36.07,69.84
247.75,0.76,85.15,1.16,111.09,28.34,68.69
249.92,0.75,85.79,1.16,111.46,25.42,67.81
250.18,0.8,87.34,1.16,111.45,23.22,67.73
244.21,0.8,86.22,1.16,110.5,25.45,67.55
252.39,0.83,89.18,1.16,110.92,21.38,69.29
254.38,0.81,89.56,1.16,111.15,21.4,70.37
256.77,0.82,89.66,1.16,111.61,20.47,68.6
257.97,0.83,90.42,1.16,111.22,19.98,68.98
258.88,0.83,90.14,1.17,112.01,19.5,68.86
258.98,0.88,90.55,1.16,111.95,18.19,69.87
257.4,0.92,91.63,1.17,111.69,19.07,71.08
260.35,0.9,92.56,1.17,112.28,18.6,70.77
260.98,0.89,94.89,1.17,112.32,19.04,70.8
262.96,0.86,95.86,1.18,112.5,18.06,73.23
266.46,0.89,97.54,1.18,112.52,17.8,73.4
262.86,0.86,96.9,1.18,112.79,20.8,72.22
263.41,0.88,96.83,1.18,112.97,19.52,72.18
263.55,0.86,97.26,1.17,112.7,18.89,73.16
265.78,0.86,98.21,1.16,113.36,17.42,75.37
263.76,0.82,98.1,1.16,113.8,18.87,75.16
263.41,0.92,97.56,1.16,113.95,19.13,76.4
267.58,0.97,97.45,1.16,113.58,17.66,74.44
269.93,1.0,96.46,1.15,114.49,16.57,74.26
271.96,0.96,97.28,1.15,113.71,15.73,74.95
273.1,0.95,96.94,1.15,113.1,15.57,73.18
272.74,0.87,96.85,1.15,113.0,15.38,70.97
270.14,0.87,97.3,1.15,112.09,16.37,71.41
270.47,0.85,96.51,1.16,112.08,15.72,71.84
270.62,0.86,96.74,1.16,112.19,15.97,71.93
274.1,0.88,98.15,1.16,111.84,15.43,69.63
274.99,0.85,98.05,1.16,112.34,15.65,68.63
274.38,0.89,97.1,1.15,112.63,16.22,69.16
277.37,0.86,99.4,1.15,112.18,14.91,69.25
277.85,0.84,99.89,1.15,112.48,14.88,66.49
278.41,0.76,100.82,1.15,112.76,14.02,66.56
277.42,0.8,100.18,1.15,112.44,14.46,67.25
279.14,0.75,99.99,1.14,112.01,13.51,67.58
279.52,0.74,100.22,1.14,112.35,14.85,67.0
279.32,0.79,99.7,1.14,111.91,15.17,66.18
279.2,0.81,100.45,1.14,112.32,14.7,65.31
278.68,0.82,100.13,1.13,113.05,14.78,63.67
280.42,0.89,100.56,1.13,112.85,13.57,63.12
279.4,0.84,99.99,1.14,112.71,14.63,63.12
279.02,0.87,99.85,1.14,113.14,14.74,62.16
277.33,0.85,98.63,1.14,113.25,15.74,61.69
275.01,0.89,97.25,1.14,113.36,16.59,60.71
274.46,0.83,97.45,1.14,113.55,16.05,60.19
279.49,0.76,98.21,1.13,113.85,13.77,55.63
281.34,0.74,99.17,1.12,113.7,13.41,56.16
281.16,0.74,99.76,1.13,113.79,13.5,56.45
281.31,0.72,100.02,1.13,113.56,12.88,56.49
282.33,0.68,101.34,1.13,113.56,13.1,57.16
282.4,0.67,100.0,1.14,112.73,13.56,53.39
281.55,0.65,96.98,1.15,112.44,13.91,54.41
279.04,0.66,91.37,1.14,112.98,16.33,51.46
281.12,0.65,92.88,1.13,112.92,14.68,51.31
279.65,0.66,92.46,1.13,113.5,15.15,50.06
280.71,0.66,93.55,1.13,113.77,14.43,51.46
282.48,0.64,93.58,1.14,113.56,13.71,50.78
285.83,0.6,96.32,1.14,113.41,13.4,52.98
285.97,0.49,96.6,1.13,113.76,13.36,53.21
288.57,0.45,97.63,1.13,113.05,12.82,52.76
288.79,0.44,97.91,1.14,112.69,13.18,51.07
287.31,0.48,96.68,1.14,112.5,14.28,51.65
288.29,0.48,97.13,1.14,113.18,13.3,51.04
288.21,0.48,97.64,1.13,113.38,13.02,52.69
290.16,0.47,99.53,1.14,113.29,12.01,51.26
289.97,0.46,98.55,1.14,113.56,12.32,49.8
290.16,0.43,100.11,1.13,113.39,12.18,46.12
289.45,0.37,100.09,1.13,112.83,12.6,47.96
290.02,0.4,99.61,1.14,112.52,12.09,45.64
290.27,0.4,99.48,1.14,112.41,12.42,45.38
293.41,0.36,100.91,1.14,110.4,12.73,44.48
293.87,0.32,102.38,1.14,111.21,13.11,45.15
294.03,0.15,102.67,1.15,109.67,12.87,46.92
292.82,0.25,102.07,1.13,107.44,15.44,47.76
287.93,0.25,99.97,1.14,107.81,19.32,48.27
287.53,0.27,99.33,1.14,108.52,19.4,49.58
286.66,0.29,99.23,1.15,108.62,19.1,52.19
288.1,0.31,99.58,1.15,108.78,16.04,52.42
280.86,0.28,96.03,1.16,108.19,20.55,51.44
283.4,0.26,96.9,1.15,108.3,18.06,50.31
285.06,0.27,95.81,1.15,108.46,16.44,51.8
287.7,0.3,96.89,1.15,108.25,15.29,52.08
285.84,0.33,96.3,1.14,108.64,15.96,51.83
283.95,0.38,96.56,1.14,109.04,16.31,53.6
282.14,0.35,94.91,1.14,109.67,16.92,52.44
282.78,0.35,95.84,1.14,109.36,15.85,52.94
280.15,0.37,94.47,1.14,109.49,17.5,53.53
278.27,0.33,94.58,1.13,109.6,17.9,51.79
279.03,0.3,93.4,1.14,109.4,17.3,53.07
275.27,0.28,91.83,1.14,109.25,18.71,54.18
274.57,0.22,92.59,1.14,109.42,18.86,53.84
280.53,0.3,95.85,1.15,108.98,16.97,55.29
282.96,0.31,95.7,1.14,108.84,16.09,54.57
284.8,0.29,95.87,1.15,109.44,15.93,53.69
287.65,0.28,95.21,1.14,109.96,16.3,53.94
288.97,0.23,96.3,1.14,109.94,15.94,52.68
288.9,0.2,96.78,1.14,109.97,15.99,52.75
288.39,0.2,95.64,1.13,109.76,15.91,52.43
289.58,0.25,95.92,1.13,109.81,15.82,53.14
289.26,0.27,96.29,1.13,110.4,15.28,53.84
289.37,0.23,95.01,1.13,110.51,15.35,54.4
292.4,0.23,96.51,1.13,110.92,15.15,55.58
294.0,0.2,95.97,1.13,110.59,15.4,56.9
293.64,0.24,95.43,1.13,110.57,15.26,56.95
290.76,0.19,95.14,1.13,110.76,16.28,57.01
290.47,0.2,95.36,1.13,110.71,16.21,55.32
291.5,0.19,96.09,1.13,110.77,15.82,55.4
293.0,0.24,97.99,1.14,111.05,15.08,56.92
295.66,0.28,99.02,1.14,110.56,14.06,57.21
296.43,0.32,98.1,1.14,110.86,12.93,55.76
298.8,0.26,98.81,1.14,111.36,12.57,56.6
298.46,0.26,99.62,1.14,111.94,13.28,56.55
296.82,0.22,98.58,1.13,111.78,13.96,56.22
297.19,0.19,99.22,1.13,111.87,14.09,56.6
298.61,0.16,98.14,1.13,111.62,13.03,55.77
299.31,0.18,99.09,1.12,111.63,12.93,56.79
300.65,0.15,99.48,1.12,111.08,12.39,56.89
300.75,0.16,98.36,1.13,111.34,12.68,58.27
299.78,0.18,97.73,1.13,111.31,12.86,58.59
297.74,0.14,97.52,1.13,111.2,13.97,58.51
298.83,0.16,98.51,1.13,111.75,13.53,59.09
297.17,0.15,99.15,1.13,111.56,14.45,59.12
297.9,0.06,99.25,1.13,111.37,13.53,60.12
300.03,0.05,100.85,1.14,111.4,12.61,59.98
301.44,-0.02,102.38,1.14,110.66,12.07,58.87
300.0,-0.03,101.64,1.14,110.81,12.74,58.71
302.01,-0.05,103.12,1.13,110.08,12.16,59.87
301.46,-0.05,102.1,1.13,110.07,12.83,59.39
300.72,-0.04,102.31,1.13,110.55,13.94,59.29
297.43,0.01,102.03,1.13,110.49,16.12,60.19
294.84,0.06,98.31,1.12,110.64,17.87,61.59
292.62,0.06,97.99,1.12,111.0,17.61,62.53
283.82,0.08,94.43,1.12,111.45,24.59,62.46
287.8,0.07,95.42,1.12,111.3,20.17,62.12
287.97,0.06,93.38,1.12,111.39,19.49,63.1
293.62,0.09,94.87,1.12,111.66,16.91,64.37
291.62,0.09,94.48,1.12,111.71,17.97,64.05
288.07,0.05,92.72,1.13,111.46,21.09,64.62
292.55,0.08,93.34,1.13,111.11,17.52,63.61
283.9,0.12,89.65,1.13,110.99,22.1,63.86
284.65,0.12,89.3,1.13,111.62,21.18,63.43
288.85,0.17,91.57,1.13,112.03,18.47,64.01
292.33,0.15,92.64,1.13,111.94,16.88,63.74
290.09,0.15,91.06,1.13,111.99,17.5,64.02
284.85,0.12,89.57,1.12,111.91,19.87,66.24
288.0,0.09,90.41,1.13,111.93,19.32,65.96
286.87,0.11,89.57,1.12,111.88,20.31,65.23
288.89,0.09,90.82,1.12,112.13,19.35,63.29
292.58,0.1,92.59,1.11,111.54,17.88,63.39
292.45,0.08,93.09,1.12,111.59,18.98,63.83
290.74,0.09,91.43,1.12,111.68,19.66,63.55
294.04,0.08,92.5,1.12,111.39,17.33,61.75
297.82,0.11,94.9,1.12,111.45,16.27,61.98
298.05,0.07,94.6,1.12,111.5,15.0,62.3
298.2,0.02,98.01,1.12,110.62,15.27,61.41
298.13,0.06,99.3,1.12,110.8,15.2,62.13
300.25,0.02,100.41,1.12,110.26,14.61,61.58
301.29,0.04,100.74,1.12,110.03,14.22,61.65
301.09,-0.01,101.94,1.12,109.81,13.74,60.97
300.16,0.01,101.8,1.12,109.65,14.67,61.82
300.92,-0.05,101.03,1.12,109.15,14.44,62.03
301.1,0.0,101.66,1.12,109.67,13.95,62.93
301.08,0.0,101.07,1.12,109.47,14.05,62.77
298.28,0.02,100.39,1.12,109.87,15.32,63.12
298.21,0.04,100.56,1.12,110.16,14.91,63.02
295.87,0.01,99.27,1.12,110.07,17.05,61.42
297.0,-0.03,99.75,1.12,110.22,16.07,58.4
293.24,-0.12,97.44,1.12,109.51,18.56,58.84
288.06,-0.16,95.46,1.12,109.35,20.56,56.47
290.42,-0.21,95.59,1.11,109.54,19.12,53.49
294.35,-0.28,97.22,1.11,109.36,17.04,53.25
293.08,-0.23,96.93,1.12,108.21,17.86,53.5
288.53,-0.23,94.59,1.12,108.03,20.28,51.57
291.27,-0.21,95.36,1.13,108.25,18.64,52.59
293.24,-0.19,96.79,1.12,108.33,17.57,53.95
296.28,-0.14,98.59,1.13,108.45,15.58,53.33
295.95,-0.12,98.68,1.13,108.45,14.57,53.3
298.88,-0.11,100.49,1.13,108.36,13.54,51.13
298.4,-0.09,100.21,1.13,108.47,13.68,52.38
299.28,-0.11,100.09,1.13,108.49,13.79,52.47
297.97,-0.14,100.99,1.13,108.32,14.25,51.94
299.99,-0.16,102.6,1.12,108.58,14.0,53.86
299.01,-0.15,103.57,1.12,108.54,14.46,53.74
299.88,-0.13,104.08,1.12,108.57,14.01,56.88
300.37,-0.04,103.42,1.12,108.11,13.71,57.35
301.6,-0.11,104.71,1.13,107.28,12.65,57.73
303.3,-0.12,105.6,1.14,107.31,13.11,57.63
303.21,-0.1,105.77,1.14,107.33,13.2,59.17
304.14,-0.13,104.81,1.14,107.17,12.33,59.18
303.33,-0.12,103.79,1.14,107.74,13.22,58.2
306.14,-0.18,105.8,1.14,107.75,12.3,58.91
307.37,-0.22,107.87,1.14,108.38,12.83,56.0
307.03,-0.25,108.76,1.13,108.37,13.1,57.06
308.94,-0.21,109.72,1.13,107.81,12.07,57.35
308.35,-0.19,109.21,1.12,108.47,12.69,57.57
309.0,-0.13,109.05,1.12,108.72,12.68,60.28
309.1,-0.04,107.89,1.12,108.92,13.0,59.93
309.55,-0.02,107.79,1.13,108.33,13.05,59.99
311.79,-0.07,108.47,1.13,108.59,12.05,59.3
312.02,-0.02,108.6,1.13,107.83,12.46,57.44
311.93,-0.08,108.68,1.13,107.89,12.86,56.5
310.77,-0.01,108.11,1.12,108.2,12.78,55.08
310.27,-0.01,108.19,1.12,107.94,13.13,55.42
310.96,-0.04,109.26,1.13,107.4,12.34,55.87
313.37,0.02,110.02,1.12,107.81,11.87,56.58
314.08,-0.05,109.42,1.12,107.9,11.54,55.9
315.48,-0.02,110.13,1.12,108.23,11.75,55.88
314.31,-0.04,109.74,1.11,108.19,12.62,56.04
311.64,-0.06,109.22,1.11,108.67,14.91,56.85
309.55,-0.02,107.48,1.11,108.63,15.96,58.04
311.46,-0.06,108.76,1.11,108.87,14.8,58.53
312.02,-0.17,109.28,1.12,108.56,14.52,53.64
314.87,-0.2,110.95,1.11,108.82,13.62,55.67
313.88,-0.3,110.84,1.11,107.43,15.86,54.63
313.53,-0.32,111.08,1.11,106.58,15.68,53.6
314.42,-0.31,110.56,1.12,105.59,14.99,51.14
317.13,-0.3,113.75,1.12,106.34,13.94,52.6
317.32,-0.26,112.64,1.12,106.12,12.63,54.41
319.5,-0.35,113.08,1.12,105.87,12.14,54.98
319.57,-0.32,113.97,1.12,105.38,12.29,57.05
319.59,-0.37,113.47,1.12,105.36,12.58,55.16
320.9,-0.39,113.15,1.12,106.59,12.5,54.51
320.73,-0.32,113.16,1.11,105.92,12.51,54.83
321.22,-0.34,113.09,1.11,106.08,12.61,56.24
321.23,-0.39,113.25,1.11,106.43,12.67,56.18
322.94,-0.38,113.94,1.11,106.57,12.65,55.65
322.86,-0.38,113.52,1.11,106.27,13.43,55.33
321.08,-0.45,113.09,1.11,106.6,14.82,54.08
